0008_0000000001,,0008_0000000001,umadmin,2019-07-24 08:30:35,umadmin,2019-07-24 08:14:07,Demo_unit_1,37,2019-07-24 16:30:35,APP,,,,1,,0007_0000000001,0003_0000000006
0008_0000000002,,0008_0000000002,umadmin,2019-07-24 08:30:35,umadmin,2019-07-24 08:14:07,Demo_unit_2,37,2019-07-24 16:30:35,APP,,,,1,,0007_0000000002,0003_0000000006
0008_0000000003,,0008_0000000003,umadmin,2019-07-24 08:30:35,umadmin,2019-07-24 08:14:07,Demo_unit_3,37,2019-07-24 16:30:35,APP,,,,1,,0007_0000000003,0003_0000000006
0008_0000000004,,0008_0000000004,umadmin,2019-07-24 08:30:35,umadmin,2019-07-24 08:14:07,Demo_unit_4,37,2019-07-24 16:30:35,APP,,,,1,,0007_0000000004,0003_0000000006
0008_0000000005,,0008_0000000005,umadmin,2019-07-24 08:30:35,umadmin,2019-07-24 08:14:07,Demo_unit_5,37,2019-07-24 16:30:35,APP,,,,1,,0007_0000000005,0003_0000000006
0008_0000000006,,0008_0000000006,umadmin,2019-07-24 08:30:35,umadmin,2019-07-24 08:14:07,Demo_unit_6,37,2019-07-24 16:30:35,APP,,,,1,,0007_0000000006,0003_0000000006
0008_0000000007,,0008_0000000007,umadmin,2019-07-24 08:30:35,umadmin,2019-07-24 08:14:07,Demo_unit_7,37,2019-07-24 16:30:35,APP,,,,1,,0007_0000000007,0003_0000000006
0008_0000000008,,0008_0000000008,umadmin,2019-07-24 08:30:35,umadmin,2019-07-24 08:14:07,Demo_unit_8,37,2019-07-24 16:30:35,APP,,,,1,,0007_0000000008,0003_0000000006
0008_0000000009,,0008_0000000009,umadmin,2019-07-24 08:30:35,umadmin,2019-07-24 08:14:07,Demo_unit_9,37,2019-07-24 16:30:35,APP,,,,1,,0007_0000000009,0003_0000000006
0008_0000000010,,0008_0000000010,umadmin,2019-07-24 08:30:35,umadmin,2019-07-24 08:14:07,Demo_unit_10,37,2019-07-24 16:30:35,APP,,,,1,,0007_0000000010,0003_0000000006
0008_0000000011,,0008_0000000011,umadmin,2019-07-24 08:30:35,umadmin,2019-07-24 08:14:07,Demo_unit_11,37,2019-07-24 16:30:35,APP,,,,1,,0007_0000000011,0003_0000000006
0008_0000000012,,0008_0000000012,umadmin,2019-07-24 08:30:35,umadmin,2019-07-24 08:14:07,Demo_unit_12,37,2019-07-24 16:30:35,APP,,,,1,,0007_0000000012,0003_0000000006
0008_0000000013,,0008_0000000013,umadmin,2019-07-24 08:30:35,umadmin,2019-07-24 08:14:07,Demo_unit_13,37,2019-07-24 16:30:35,APP,,,,1,,0007_0000000013,0003_0000000006
0008_0000000014,,0008_0000000014,umadmin,2019-07-24 08:30:35,umadmin,2019-07-24 08:14:07,Demo_unit_14,37,2019-07-24 16:30:35,APP,,,,1,,0007_0000000014,0003_0000000006
0008_0000000015,,0008_0000000015,umadmin,2019-07-24 08:30:35,umadmin,2019-07-24 08:14:07,Demo_unit_15,37,2019-07-24 16:30:35,APP,,,,1,,0007_0000000015,0003_0000000006
0008_0000000016,,0008_0000000016,umadmin,2019-07-24 08:30:35,umadmin,2019-07-24 08:14:07,Demo_unit_16,37,2019-07-24 16:30:35,APP,,,,1,,0007_0000000016,0003_0000000006
0008_0000000017,,0008_0000000017,umadmin,2019-07-24 08:30:35,umadmin,2019-07-24 08:14:07,Demo_unit_17,37,2019-07-24 16:30:35,APP,,,,1,,0007_0000000017,0003_0000000006
0008_0000000018,,0008_0000000018,umadmin,2019-07-24 08:30:35,umadmin,2019-07-24 08:14:07,Demo_unit_18,37,2019-07-24 16:30:35,APP,,,,1,,0007_0000000018,0003_0000000006
0008_0000000019,,0008_0000000019,umadmin,2019-07-24 08:30:35,umadmin,2019-07-24 08:14:07,Demo_unit_19,37,2019-07-24 16:30:35,APP,,,,1,,0007_0000000019,0003_0000000006
0008_0000000020,,0008_0000000020,umadmin,2019-07-24 08:30:35,umadmin,2019-07-24 08:14:07,Demo_unit_20,37,2019-07-24 16:30:35,APP,,,,1,,0007_0000000020,0003_0000000006
0008_0000000021,,0008_0000000021,umadmin,2019-07-24 08:30:35,umadmin,2019-07-24 08:14:07,Demo_unit_21,37,2019-07-24 16:30:35,APP,,,,1,,0007_0000000021,0003_0000000006
0008_0000000022,,0008_0000000022,umadmin,2019-07-24 08:30:35,umadmin,2019-07-24 08:14:07,Demo_unit_22,37,2019-07-24 16:30:35,APP,,,,1,,0007_0000000022,0003_0000000006
0008_0000000023,,0008_0000000023,umadmin,2019-07-24 08:30:35,umadmin,2019-07-24 08:14:07,Demo_unit_23,37,2019-07-24 16:30:35,APP,,,,1,,0007_0000000023,0003_0000000006
0008_0000000024,,0008_0000000024,umadmin,2019-07-24 08:30:35,umadmin,2019-07-24 08:14:07,Demo_unit_24,37,2019-07-24 16:30:35,APP,,,,1,,0007_0000000024,0003_0000000006
0008_0000000025,,0008_0000000025,umadmin,2019-07-24 08:30:35,umadmin,2019-07-24 08:14:07,Demo_unit_25,37,2019-07-24 16:30:35,APP,,,,1,,0007_0000000025,0003_0000000006
0008_0000000026,,0008_0000000026,umadmin,2019-07-24 08:30:35,umadmin,2019-07-24 08:14:07,Demo_unit_26,37,2019-07-24 16:30:35,APP,,,,1,,0007_0000000026,0003_0000000006
0008_0000000027,,0008_0000000027,umadmin,2019-07-24 08:30:35,umadmin,2019-07-24 08:14:07,Demo_unit_27,37,2019-07-24 16:30:35,APP,,,,1,,0007_0000000027,0003_0000000006
0008_0000000028,,0008_0000000028,umadmin,2019-07-24 08:30:35,umadmin,2019-07-24 08:14:07,Demo_unit_28,37,2019-07-24 16:30:35,APP,,,,1,,0007_0000000028,0003_0000000006
0008_0000000029,,0008_0000000029,umadmin,2019-07-24 08:30:35,umadmin,2019-07-24 08:14:07,Demo_unit_29,37,2019-07-24 16:30:35,APP,,,,1,,0007_0000000029,0003_0000000006
0008_0000000030,,0008_0000000030,umadmin,2019-07-24 08:30:35,umadmin,2019-07-24 08:14:07,Demo_unit_30,37,2019-07-24 16:30:35,APP,,,,1,,0007_0000000030,0003_0000000006
0008_0000000031,,0008_0000000031,umadmin,2019-07-24 08:30:35,umadmin,2019-07-24 08:14:07,Demo_unit_31,37,2019-07-24 16:30:35,APP,,,,1,,0007_0000000031,0003_0000000006
0008_0000000032,,0008_0000000032,umadmin,2019-07-24 08:30:35,umadmin,2019-07-24 08:14:07,Demo_unit_32,37,2019-07-24 16:30:35,APP,,,,1,,0007_0000000032,0003_0000000006
0008_0000000033,,0008_0000000033,umadmin,2019-07-24 08:30:35,umadmin,2019-07-24 08:14:07,Demo_unit_33,37,2019-07-24 16:30:35,APP,,,,1,,0007_0000000033,0003_0000000006
0008_0000000034,,0008_0000000034,umadmin,2019-07-24 08:30:35,umadmin,2019-07-24 08:14:07,Demo_unit_34,37,2019-07-24 16:30:35,APP,,,,1,,0007_0000000034,0003_0000000006
0008_0000000035,,0008_0000000035,umadmin,2019-07-24 08:30:35,umadmin,2019-07-24 08:14:07,Demo_unit_35,37,2019-07-24 16:30:35,APP,,,,1,,0007_0000000035,0003_0000000006
0008_0000000036,,0008_0000000036,umadmin,2019-07-24 08:30:35,umadmin,2019-07-24 08:14:07,Demo_unit_36,37,2019-07-24 16:30:35,APP,,,,1,,0007_0000000036,0003_0000000006
0008_0000000037,,0008_0000000037,umadmin,2019-07-24 08:30:35,umadmin,2019-07-24 08:14:07,Demo_unit_37,37,2019-07-24 16:30:35,APP,,,,1,,0007_0000000037,0003_0000000006
0008_0000000038,,0008_0000000038,umadmin,2019-07-24 08:30:35,umadmin,2019-07-24 08:14:07,Demo_unit_38,37,2019-07-24 16:30:35,APP,,,,1,,0007_0000000038,0003_0000000006
0008_0000000039,,0008_0000000039,umadmin,2019-07-24 08:30:35,umadmin,2019-07-24 08:14:07,Demo_unit_39,37,2019-07-24 16:30:35,APP,,,,1,,0007_0000000039,0003_0000000006
0008_0000000040,,0008_0000000040,umadmin,2019-07-24 08:30:35,umadmin,2019-07-24 08:14:07,Demo_unit_40,37,2019-07-24 16:30:35,APP,,,,1,,0007_0000000040,0003_0000000006
0008_0000000041,,0008_0000000041,umadmin,2019-07-24 08:30:35,umadmin,2019-07-24 08:14:07,Demo_unit_41,37,2019-07-24 16:30:35,APP,,,,1,,0007_0000000041,0003_0000000006
0008_0000000042,,0008_0000000042,umadmin,2019-07-24 08:30:35,umadmin,2019-07-24 08:14:07,Demo_unit_42,37,2019-07-24 16:30:35,APP,,,,1,,0007_0000000042,0003_0000000006
0008_0000000043,,0008_0000000043,umadmin,2019-07-24 08:30:35,umadmin,2019-07-24 08:14:07,Demo_unit_43,37,2019-07-24 16:30:35,APP,,,,1,,0007_0000000043,0003_0000000006
0008_0000000044,,0008_0000000044,umadmin,2019-07-24 08:30:35,umadmin,2019-07-24 08:14:07,Demo_unit_44,37,2019-07-24 16:30:35,APP,,,,1,,0007_0000000044,0003_0000000006
0008_0000000045,,0008_0000000045,umadmin,2019-07-24 08:30:35,umadmin,2019-07-24 08:14:07,Demo_unit_45,37,2019-07-24 16:30:35,APP,,,,1,,0007_0000000045,0003_0000000006
0008_0000000046,,0008_0000000046,umadmin,2019-07-24 08:30:35,umadmin,2019-07-24 08:14:07,Demo_unit_46,37,2019-07-24 16:30:35,APP,,,,1,,0007_0000000046,0003_0000000006
0008_0000000047,,0008_0000000047,umadmin,2019-07-24 08:30:35,umadmin,2019-07-24 08:14:07,Demo_unit_47,37,2019-07-24 16:30:35,APP,,,,1,,0007_0000000047,0003_0000000006
0008_0000000048,,0008_0000000048,umadmin,2019-07-24 08:30:35,umadmin,2019-07-24 08:14:07,Demo_unit_48,37,2019-07-24 16:30:35,APP,,,,1,,0007_0000000048,0003_0000000006
0008_0000000049,,0008_0000000049,umadmin,2019-07-24 08:30:35,umadmin,2019-07-24 08:14:07,Demo_unit_49,37,2019-07-24 16:30:35,APP,,,,1,,0007_0000000049,0003_0000000006
0008_0000000050,,0008_0000000050,umadmin,2019-07-24 08:30:35,umadmin,2019-07-24 08:14:07,Demo_unit_50,37,2019-07-24 16:30:35,APP,,,,1,,0007_0000000050,0003_0000000006
0008_0000000051,,0008_0000000051,umadmin,2019-07-24 08:30:35,umadmin,2019-07-24 08:14:07,Demo_unit_51,37,2019-07-24 16:30:35,APP,,,,1,,0007_0000000051,0003_0000000006
0008_0000000052,,0008_0000000052,umadmin,2019-07-24 08:30:35,umadmin,2019-07-24 08:14:07,Demo_unit_52,37,2019-07-24 16:30:35,APP,,,,1,,0007_0000000052,0003_0000000006
0008_0000000053,,0008_0000000053,umadmin,2019-07-24 08:30:35,umadmin,2019-07-24 08:14:07,Demo_unit_53,37,2019-07-24 16:30:35,APP,,,,1,,0007_0000000053,0003_0000000006
0008_0000000054,,0008_0000000054,umadmin,2019-07-24 08:30:35,umadmin,2019-07-24 08:14:07,Demo_unit_54,37,2019-07-24 16:30:35,APP,,,,1,,0007_0000000054,0003_0000000006
0008_0000000055,,0008_0000000055,umadmin,2019-07-24 08:30:35,umadmin,2019-07-24 08:14:07,Demo_unit_55,37,2019-07-24 16:30:35,APP,,,,1,,0007_0000000055,0003_0000000006
0008_0000000056,,0008_0000000056,umadmin,2019-07-24 08:30:35,umadmin,2019-07-24 08:14:07,Demo_unit_56,37,2019-07-24 16:30:35,APP,,,,1,,0007_0000000056,0003_0000000006
0008_0000000057,,0008_0000000057,umadmin,2019-07-24 08:30:35,umadmin,2019-07-24 08:14:07,Demo_unit_57,37,2019-07-24 16:30:35,APP,,,,1,,0007_0000000057,0003_0000000006
0008_0000000058,,0008_0000000058,umadmin,2019-07-24 08:30:35,umadmin,2019-07-24 08:14:07,Demo_unit_58,37,2019-07-24 16:30:35,APP,,,,1,,0007_0000000058,0003_0000000006
0008_0000000059,,0008_0000000059,umadmin,2019-07-24 08:30:35,umadmin,2019-07-24 08:14:07,Demo_unit_59,37,2019-07-24 16:30:35,APP,,,,1,,0007_0000000059,0003_0000000006
0008_0000000060,,0008_0000000060,umadmin,2019-07-24 08:30:35,umadmin,2019-07-24 08:14:07,Demo_unit_60,37,2019-07-24 16:30:35,APP,,,,1,,0007_0000000060,0003_0000000006
0008_0000000061,,0008_0000000061,umadmin,2019-07-24 08:30:35,umadmin,2019-07-24 08:14:07,Demo_unit_61,37,2019-07-24 16:30:35,APP,,,,1,,0007_0000000061,0003_0000000006
0008_0000000062,,0008_0000000062,umadmin,2019-07-24 08:30:35,umadmin,2019-07-24 08:14:07,Demo_unit_62,37,2019-07-24 16:30:35,APP,,,,1,,0007_0000000062,0003_0000000006
0008_0000000063,,0008_0000000063,umadmin,2019-07-24 08:30:35,umadmin,2019-07-24 08:14:07,Demo_unit_63,37,2019-07-24 16:30:35,APP,,,,1,,0007_0000000063,0003_0000000006
0008_0000000064,,0008_0000000064,umadmin,2019-07-24 08:30:35,umadmin,2019-07-24 08:14:07,Demo_unit_64,37,2019-07-24 16:30:35,APP,,,,1,,0007_0000000064,0003_0000000006
0008_0000000065,,0008_0000000065,umadmin,2019-07-24 08:30:35,umadmin,2019-07-24 08:14:07,Demo_unit_65,37,2019-07-24 16:30:35,APP,,,,1,,0007_0000000065,0003_0000000006
0008_0000000066,,0008_0000000066,umadmin,2019-07-24 08:30:35,umadmin,2019-07-24 08:14:07,Demo_unit_66,37,2019-07-24 16:30:35,APP,,,,1,,0007_0000000066,0003_0000000006
0008_0000000067,,0008_0000000067,umadmin,2019-07-24 08:30:35,umadmin,2019-07-24 08:14:07,Demo_unit_67,37,2019-07-24 16:30:35,APP,,,,1,,0007_0000000067,0003_0000000006
0008_0000000068,,0008_0000000068,umadmin,2019-07-24 08:30:35,umadmin,2019-07-24 08:14:07,Demo_unit_68,37,2019-07-24 16:30:35,APP,,,,1,,0007_0000000068,0003_0000000006
0008_0000000069,,0008_0000000069,umadmin,2019-07-24 08:30:35,umadmin,2019-07-24 08:14:07,Demo_unit_69,37,2019-07-24 16:30:35,APP,,,,1,,0007_0000000069,0003_0000000006
0008_0000000070,,0008_0000000070,umadmin,2019-07-24 08:30:35,umadmin,2019-07-24 08:14:07,Demo_unit_70,37,2019-07-24 16:30:35,APP,,,,1,,0007_0000000070,0003_0000000006
0008_0000000071,,0008_0000000071,umadmin,2019-07-24 08:30:35,umadmin,2019-07-24 08:14:07,Demo_unit_71,37,2019-07-24 16:30:35,APP,,,,1,,0007_0000000071,0003_0000000006
0008_0000000072,,0008_0000000072,umadmin,2019-07-24 08:30:35,umadmin,2019-07-24 08:14:07,Demo_unit_72,37,2019-07-24 16:30:35,APP,,,,1,,0007_0000000072,0003_0000000006
0008_0000000073,,0008_0000000073,umadmin,2019-07-24 08:30:35,umadmin,2019-07-24 08:14:07,Demo_unit_73,37,2019-07-24 16:30:35,APP,,,,1,,0007_0000000073,0003_0000000006
0008_0000000074,,0008_0000000074,umadmin,2019-07-24 08:30:35,umadmin,2019-07-24 08:14:07,Demo_unit_74,37,2019-07-24 16:30:35,APP,,,,1,,0007_0000000074,0003_0000000006
0008_0000000075,,0008_0000000075,umadmin,2019-07-24 08:30:35,umadmin,2019-07-24 08:14:07,Demo_unit_75,37,2019-07-24 16:30:35,APP,,,,1,,0007_0000000075,0003_0000000006
0008_0000000076,,0008_0000000076,umadmin,2019-07-24 08:30:35,umadmin,2019-07-24 08:14:07,Demo_unit_76,37,2019-07-24 16:30:35,APP,,,,1,,0007_0000000076,0003_0000000006
0008_0000000077,,0008_0000000077,umadmin,2019-07-24 08:30:35,umadmin,2019-07-24 08:14:07,Demo_unit_77,37,2019-07-24 16:30:35,APP,,,,1,,0007_0000000077,0003_0000000006
0008_0000000078,,0008_0000000078,umadmin,2019-07-24 08:30:35,umadmin,2019-07-24 08:14:07,Demo_unit_78,37,2019-07-24 16:30:35,APP,,,,1,,0007_0000000078,0003_0000000006
0008_0000000079,,0008_0000000079,umadmin,2019-07-24 08:30:35,umadmin,2019-07-24 08:14:07,Demo_unit_79,37,2019-07-24 16:30:35,APP,,,,1,,0007_0000000079,0003_0000000006
0008_0000000080,,0008_0000000080,umadmin,2019-07-24 08:30:35,umadmin,2019-07-24 08:14:07,Demo_unit_80,37,2019-07-24 16:30:35,APP,,,,1,,0007_0000000080,0003_0000000006
0008_0000000081,,0008_0000000081,umadmin,2019-07-24 08:30:35,umadmin,2019-07-24 08:14:07,Demo_unit_81,37,2019-07-24 16:30:35,APP,,,,1,,0007_0000000081,0003_0000000006
0008_0000000082,,0008_0000000082,umadmin,2019-07-24 08:30:35,umadmin,2019-07-24 08:14:07,Demo_unit_82,37,2019-07-24 16:30:35,APP,,,,1,,0007_0000000082,0003_0000000006
0008_0000000083,,0008_0000000083,umadmin,2019-07-24 08:30:35,umadmin,2019-07-24 08:14:07,Demo_unit_83,37,2019-07-24 16:30:35,APP,,,,1,,0007_0000000083,0003_0000000006
0008_0000000084,,0008_0000000084,umadmin,2019-07-24 08:30:35,umadmin,2019-07-24 08:14:07,Demo_unit_84,37,2019-07-24 16:30:35,APP,,,,1,,0007_0000000084,0003_0000000006
0008_0000000085,,0008_0000000085,umadmin,2019-07-24 08:30:35,umadmin,2019-07-24 08:14:07,Demo_unit_85,37,2019-07-24 16:30:35,APP,,,,1,,0007_0000000085,0003_0000000006
0008_0000000086,,0008_0000000086,umadmin,2019-07-24 08:30:35,umadmin,2019-07-24 08:14:07,Demo_unit_86,37,2019-07-24 16:30:35,APP,,,,1,,0007_0000000086,0003_0000000006
0008_0000000087,,0008_0000000087,umadmin,2019-07-24 08:30:35,umadmin,2019-07-24 08:14:07,Demo_unit_87,37,2019-07-24 16:30:35,APP,,,,1,,0007_0000000087,0003_0000000006
0008_0000000088,,0008_0000000088,umadmin,2019-07-24 08:30:35,umadmin,2019-07-24 08:14:07,Demo_unit_88,37,2019-07-24 16:30:35,APP,,,,1,,0007_0000000088,0003_0000000006
0008_0000000089,,0008_0000000089,umadmin,2019-07-24 08:30:35,umadmin,2019-07-24 08:14:07,Demo_unit_89,37,2019-07-24 16:30:35,APP,,,,1,,0007_0000000089,0003_0000000006
0008_0000000090,,0008_0000000090,umadmin,2019-07-24 08:30:35,umadmin,2019-07-24 08:14:07,Demo_unit_90,37,2019-07-24 16:30:35,APP,,,,1,,0007_0000000090,0003_0000000006
0008_0000000091,,0008_0000000091,umadmin,2019-07-24 08:30:35,umadmin,2019-07-24 08:14:07,Demo_unit_91,37,2019-07-24 16:30:35,APP,,,,1,,0007_0000000091,0003_0000000006
0008_0000000092,,0008_0000000092,umadmin,2019-07-24 08:30:35,umadmin,2019-07-24 08:14:07,Demo_unit_92,37,2019-07-24 16:30:35,APP,,,,1,,0007_0000000092,0003_0000000006
0008_0000000093,,0008_0000000093,umadmin,2019-07-24 08:30:35,umadmin,2019-07-24 08:14:07,Demo_unit_93,37,2019-07-24 16:30:35,APP,,,,1,,0007_0000000093,0003_0000000006
0008_0000000094,,0008_0000000094,umadmin,2019-07-24 08:30:35,umadmin,2019-07-24 08:14:07,Demo_unit_94,37,2019-07-24 16:30:35,APP,,,,1,,0007_0000000094,0003_0000000006
0008_0000000095,,0008_0000000095,umadmin,2019-07-24 08:30:35,umadmin,2019-07-24 08:14:07,Demo_unit_95,37,2019-07-24 16:30:35,APP,,,,1,,0007_0000000095,0003_0000000006
0008_0000000096,,0008_0000000096,umadmin,2019-07-24 08:30:35,umadmin,2019-07-24 08:14:07,Demo_unit_96,37,2019-07-24 16:30:35,APP,,,,1,,0007_0000000096,0003_0000000006
0008_0000000097,,0008_0000000097,umadmin,2019-07-24 08:30:35,umadmin,2019-07-24 08:14:07,Demo_unit_97,37,2019-07-24 16:30:35,APP,,,,1,,0007_0000000097,0003_0000000006
0008_0000000098,,0008_0000000098,umadmin,2019-07-24 08:30:35,umadmin,2019-07-24 08:14:07,Demo_unit_98,37,2019-07-24 16:30:35,APP,,,,1,,0007_0000000098,0003_0000000006
0008_0000000099,,0008_0000000099,umadmin,2019-07-24 08:30:35,umadmin,2019-07-24 08:14:07,Demo_unit_99,37,2019-07-24 16:30:35,APP,,,,1,,0007_0000000099,0003_0000000006
0008_0000000100,,0008_0000000100,umadmin,2019-07-24 08:30:35,umadmin,2019-07-24 08:14:07,Demo_unit_100,37,2019-07-24 16:30:35,APP,,,,1,,0007_0000000100,0003_0000000006
0008_0000000101,,0008_0000000101,umadmin,2019-07-24 08:30:35,umadmin,2019-07-24 08:14:07,Demo_unit_101,37,2019-07-24 16:30:35,APP,,,,1,,0007_0000000101,0003_0000000006
0008_0000000102,,0008_0000000102,umadmin,2019-07-24 08:30:35,umadmin,2019-07-24 08:14:07,Demo_unit_102,37,2019-07-24 16:30:35,APP,,,,1,,0007_0000000102,0003_0000000006
0008_0000000103,,0008_0000000103,umadmin,2019-07-24 08:30:35,umadmin,2019-07-24 08:14:07,Demo_unit_103,37,2019-07-24 16:30:35,APP,,,,1,,0007_0000000103,0003_0000000006
0008_0000000104,,0008_0000000104,umadmin,2019-07-24 08:30:35,umadmin,2019-07-24 08:14:07,Demo_unit_104,37,2019-07-24 16:30:35,APP,,,,1,,0007_0000000104,0003_0000000006
0008_0000000105,,0008_0000000105,umadmin,2019-07-24 08:30:35,umadmin,2019-07-24 08:14:07,Demo_unit_105,37,2019-07-24 16:30:35,APP,,,,1,,0007_0000000105,0003_0000000006
0008_0000000106,,0008_0000000106,umadmin,2019-07-24 08:30:35,umadmin,2019-07-24 08:14:07,Demo_unit_106,37,2019-07-24 16:30:35,APP,,,,1,,0007_0000000106,0003_0000000006
0008_0000000107,,0008_0000000107,umadmin,2019-07-24 08:30:35,umadmin,2019-07-24 08:14:07,Demo_unit_107,37,2019-07-24 16:30:35,APP,,,,1,,0007_0000000107,0003_0000000006
0008_0000000108,,0008_0000000108,umadmin,2019-07-24 08:30:35,umadmin,2019-07-24 08:14:07,Demo_unit_108,37,2019-07-24 16:30:35,APP,,,,1,,0007_0000000108,0003_0000000006
0008_0000000109,,0008_0000000109,umadmin,2019-07-24 08:30:35,umadmin,2019-07-24 08:14:07,Demo_unit_109,37,2019-07-24 16:30:35,APP,,,,1,,0007_0000000109,0003_0000000006
0008_0000000110,,0008_0000000110,umadmin,2019-07-24 08:30:35,umadmin,2019-07-24 08:14:07,Demo_unit_110,37,2019-07-24 16:30:35,APP,,,,1,,0007_0000000110,0003_0000000006
0008_0000000111,,0008_0000000111,umadmin,2019-07-24 08:30:35,umadmin,2019-07-24 08:14:07,Demo_unit_111,37,2019-07-24 16:30:35,APP,,,,1,,0007_0000000111,0003_0000000006
0008_0000000112,,0008_0000000112,umadmin,2019-07-24 08:30:35,umadmin,2019-07-24 08:14:07,Demo_unit_112,37,2019-07-24 16:30:35,APP,,,,1,,0007_0000000112,0003_0000000006
0008_0000000113,,0008_0000000113,umadmin,2019-07-24 08:30:35,umadmin,2019-07-24 08:14:07,Demo_unit_113,37,2019-07-24 16:30:35,APP,,,,1,,0007_0000000113,0003_0000000006
0008_0000000114,,0008_0000000114,umadmin,2019-07-24 08:30:35,umadmin,2019-07-24 08:14:07,Demo_unit_114,37,2019-07-24 16:30:35,APP,,,,1,,0007_0000000114,0003_0000000006
0008_0000000115,,0008_0000000115,umadmin,2019-07-24 08:30:35,umadmin,2019-07-24 08:14:07,Demo_unit_115,37,2019-07-24 16:30:35,APP,,,,1,,0007_0000000115,0003_0000000006
0008_0000000116,,0008_0000000116,umadmin,2019-07-24 08:30:35,umadmin,2019-07-24 08:14:07,Demo_unit_116,37,2019-07-24 16:30:35,APP,,,,1,,0007_0000000116,0003_0000000006
0008_0000000117,,0008_0000000117,umadmin,2019-07-24 08:30:35,umadmin,2019-07-24 08:14:07,Demo_unit_117,37,2019-07-24 16:30:35,APP,,,,1,,0007_0000000117,0003_0000000006
0008_0000000118,,0008_0000000118,umadmin,2019-07-24 08:30:35,umadmin,2019-07-24 08:14:07,Demo_unit_118,37,2019-07-24 16:30:35,APP,,,,1,,0007_0000000118,0003_0000000006
0008_0000000119,,0008_0000000119,umadmin,2019-07-24 08:30:35,umadmin,2019-07-24 08:14:07,Demo_unit_119,37,2019-07-24 16:30:35,APP,,,,1,,0007_0000000119,0003_0000000006
0008_0000000120,,0008_0000000120,umadmin,2019-07-24 08:30:35,umadmin,2019-07-24 08:14:07,Demo_unit_120,37,2019-07-24 16:30:35,APP,,,,1,,0007_0000000120,0003_0000000006
0008_0000000121,,0008_0000000121,umadmin,2019-07-24 08:30:35,umadmin,2019-07-24 08:14:07,Demo_unit_121,37,2019-07-24 16:30:35,APP,,,,1,,0007_0000000121,0003_0000000006
0008_0000000122,,0008_0000000122,umadmin,2019-07-24 08:30:35,umadmin,2019-07-24 08:14:07,Demo_unit_122,37,2019-07-24 16:30:35,APP,,,,1,,0007_0000000122,0003_0000000006
0008_0000000123,,0008_0000000123,umadmin,2019-07-24 08:30:35,umadmin,2019-07-24 08:14:07,Demo_unit_123,37,2019-07-24 16:30:35,APP,,,,1,,0007_0000000123,0003_0000000006
0008_0000000124,,0008_0000000124,umadmin,2019-07-24 08:30:35,umadmin,2019-07-24 08:14:07,Demo_unit_124,37,2019-07-24 16:30:35,APP,,,,1,,0007_0000000124,0003_0000000006
0008_0000000125,,0008_0000000125,umadmin,2019-07-24 08:30:35,umadmin,2019-07-24 08:14:07,Demo_unit_125,37,2019-07-24 16:30:35,APP,,,,1,,0007_0000000125,0003_0000000006
0008_0000000126,,0008_0000000126,umadmin,2019-07-24 08:30:35,umadmin,2019-07-24 08:14:07,Demo_unit_126,37,2019-07-24 16:30:35,APP,,,,1,,0007_0000000126,0003_0000000006
0008_0000000127,,0008_0000000127,umadmin,2019-07-24 08:30:35,umadmin,2019-07-24 08:14:07,Demo_unit_127,37,2019-07-24 16:30:35,APP,,,,1,,0007_0000000127,0003_0000000006
0008_0000000128,,0008_0000000128,umadmin,2019-07-24 08:30:35,umadmin,2019-07-24 08:14:07,Demo_unit_128,37,2019-07-24 16:30:35,APP,,,,1,,0007_0000000128,0003_0000000006
0008_0000000129,,0008_0000000129,umadmin,2019-07-24 08:30:35,umadmin,2019-07-24 08:14:07,Demo_unit_129,37,2019-07-24 16:30:35,APP,,,,1,,0007_0000000129,0003_0000000006
0008_0000000130,,0008_0000000130,umadmin,2019-07-24 08:30:35,umadmin,2019-07-24 08:14:07,Demo_unit_130,37,2019-07-24 16:30:35,APP,,,,1,,0007_0000000130,0003_0000000006
0008_0000000131,,0008_0000000131,umadmin,2019-07-24 08:30:35,umadmin,2019-07-24 08:14:07,Demo_unit_131,37,2019-07-24 16:30:35,APP,,,,1,,0007_0000000131,0003_0000000006
0008_0000000132,,0008_0000000132,umadmin,2019-07-24 08:30:35,umadmin,2019-07-24 08:14:07,Demo_unit_132,37,2019-07-24 16:30:35,APP,,,,1,,0007_0000000132,0003_0000000006
0008_0000000133,,0008_0000000133,umadmin,2019-07-24 08:30:35,umadmin,2019-07-24 08:14:07,Demo_unit_133,37,2019-07-24 16:30:35,APP,,,,1,,0007_0000000133,0003_0000000006
0008_0000000134,,0008_0000000134,umadmin,2019-07-24 08:30:35,umadmin,2019-07-24 08:14:07,Demo_unit_134,37,2019-07-24 16:30:35,APP,,,,1,,0007_0000000134,0003_0000000006
0008_0000000135,,0008_0000000135,umadmin,2019-07-24 08:30:35,umadmin,2019-07-24 08:14:07,Demo_unit_135,37,2019-07-24 16:30:35,APP,,,,1,,0007_0000000135,0003_0000000006
0008_0000000136,,0008_0000000136,umadmin,2019-07-24 08:30:35,umadmin,2019-07-24 08:14:07,Demo_unit_136,37,2019-07-24 16:30:35,APP,,,,1,,0007_0000000136,0003_0000000006
0008_0000000137,,0008_0000000137,umadmin,2019-07-24 08:30:35,umadmin,2019-07-24 08:14:07,Demo_unit_137,37,2019-07-24 16:30:35,APP,,,,1,,0007_0000000137,0003_0000000006
0008_0000000138,,0008_0000000138,umadmin,2019-07-24 08:30:35,umadmin,2019-07-24 08:14:07,Demo_unit_138,37,2019-07-24 16:30:35,APP,,,,1,,0007_0000000138,0003_0000000006
0008_0000000139,,0008_0000000139,umadmin,2019-07-24 08:30:35,umadmin,2019-07-24 08:14:07,Demo_unit_139,37,2019-07-24 16:30:35,APP,,,,1,,0007_0000000139,0003_0000000006
0008_0000000140,,0008_0000000140,umadmin,2019-07-24 08:30:35,umadmin,2019-07-24 08:14:07,Demo_unit_140,37,2019-07-24 16:30:35,APP,,,,1,,0007_0000000140,0003_0000000006
0008_0000000141,,0008_0000000141,umadmin,2019-07-24 08:30:35,umadmin,2019-07-24 08:14:07,Demo_unit_141,37,2019-07-24 16:30:35,APP,,,,1,,0007_0000000141,0003_0000000006
0008_0000000142,,0008_0000000142,umadmin,2019-07-24 08:30:35,umadmin,2019-07-24 08:14:07,Demo_unit_142,37,2019-07-24 16:30:35,APP,,,,1,,0007_0000000142,0003_0000000006
0008_0000000143,,0008_0000000143,umadmin,2019-07-24 08:30:35,umadmin,2019-07-24 08:14:07,Demo_unit_143,37,2019-07-24 16:30:35,APP,,,,1,,0007_0000000143,0003_0000000006
0008_0000000144,,0008_0000000144,umadmin,2019-07-24 08:30:35,umadmin,2019-07-24 08:14:07,Demo_unit_144,37,2019-07-24 16:30:35,APP,,,,1,,0007_0000000144,0003_0000000006
0008_0000000145,,0008_0000000145,umadmin,2019-07-24 08:30:35,umadmin,2019-07-24 08:14:07,Demo_unit_145,37,2019-07-24 16:30:35,APP,,,,1,,0007_0000000145,0003_0000000006
0008_0000000146,,0008_0000000146,umadmin,2019-07-24 08:30:35,umadmin,2019-07-24 08:14:07,Demo_unit_146,37,2019-07-24 16:30:35,APP,,,,1,,0007_0000000146,0003_0000000006
0008_0000000147,,0008_0000000147,umadmin,2019-07-24 08:30:35,umadmin,2019-07-24 08:14:07,Demo_unit_147,37,2019-07-24 16:30:35,APP,,,,1,,0007_0000000147,0003_0000000006
0008_0000000148,,0008_0000000148,umadmin,2019-07-24 08:30:35,umadmin,2019-07-24 08:14:07,Demo_unit_148,37,2019-07-24 16:30:35,APP,,,,1,,0007_0000000148,0003_0000000006
0008_0000000149,,0008_0000000149,umadmin,2019-07-24 08:30:35,umadmin,2019-07-24 08:14:07,Demo_unit_149,37,2019-07-24 16:30:35,APP,,,,1,,0007_0000000149,0003_0000000006
0008_0000000150,,0008_0000000150,umadmin,2019-07-24 08:30:35,umadmin,2019-07-24 08:14:07,Demo_unit_150,37,2019-07-24 16:30:35,APP,,,,1,,0007_0000000150,0003_0000000006
0008_0000000151,,0008_0000000151,umadmin,2019-07-24 08:30:35,umadmin,2019-07-24 08:14:07,Demo_unit_151,37,2019-07-24 16:30:35,APP,,,,1,,0007_0000000151,0003_0000000006
0008_0000000152,,0008_0000000152,umadmin,2019-07-24 08:30:35,umadmin,2019-07-24 08:14:07,Demo_unit_152,37,2019-07-24 16:30:35,APP,,,,1,,0007_0000000152,0003_0000000006
0008_0000000153,,0008_0000000153,umadmin,2019-07-24 08:30:35,umadmin,2019-07-24 08:14:07,Demo_unit_153,37,2019-07-24 16:30:35,APP,,,,1,,0007_0000000153,0003_0000000006
0008_0000000154,,0008_0000000154,umadmin,2019-07-24 08:30:35,umadmin,2019-07-24 08:14:07,Demo_unit_154,37,2019-07-24 16:30:35,APP,,,,1,,0007_0000000154,0003_0000000006
0008_0000000155,,0008_0000000155,umadmin,2019-07-24 08:30:35,umadmin,2019-07-24 08:14:07,Demo_unit_155,37,2019-07-24 16:30:35,APP,,,,1,,0007_0000000155,0003_0000000006
0008_0000000156,,0008_0000000156,umadmin,2019-07-24 08:30:35,umadmin,2019-07-24 08:14:07,Demo_unit_156,37,2019-07-24 16:30:35,APP,,,,1,,0007_0000000156,0003_0000000006
0008_0000000157,,0008_0000000157,umadmin,2019-07-24 08:30:35,umadmin,2019-07-24 08:14:07,Demo_unit_157,37,2019-07-24 16:30:35,APP,,,,1,,0007_0000000157,0003_0000000006
0008_0000000158,,0008_0000000158,umadmin,2019-07-24 08:30:35,umadmin,2019-07-24 08:14:07,Demo_unit_158,37,2019-07-24 16:30:35,APP,,,,1,,0007_0000000158,0003_0000000006
0008_0000000159,,0008_0000000159,umadmin,2019-07-24 08:30:35,umadmin,2019-07-24 08:14:07,Demo_unit_159,37,2019-07-24 16:30:35,APP,,,,1,,0007_0000000159,0003_0000000006
0008_0000000160,,0008_0000000160,umadmin,2019-07-24 08:30:35,umadmin,2019-07-24 08:14:07,Demo_unit_160,37,2019-07-24 16:30:35,APP,,,,1,,0007_0000000160,0003_0000000006
0008_0000000161,,0008_0000000161,umadmin,2019-07-24 08:30:35,umadmin,2019-07-24 08:14:07,Demo_unit_161,37,2019-07-24 16:30:35,APP,,,,1,,0007_0000000161,0003_0000000006
0008_0000000162,,0008_0000000162,umadmin,2019-07-24 08:30:35,umadmin,2019-07-24 08:14:07,Demo_unit_162,37,2019-07-24 16:30:35,APP,,,,1,,0007_0000000162,0003_0000000006
0008_0000000163,,0008_0000000163,umadmin,2019-07-24 08:30:35,umadmin,2019-07-24 08:14:07,Demo_unit_163,37,2019-07-24 16:30:35,APP,,,,1,,0007_0000000163,0003_0000000006
0008_0000000164,,0008_0000000164,umadmin,2019-07-24 08:30:35,umadmin,2019-07-24 08:14:07,Demo_unit_164,37,2019-07-24 16:30:35,APP,,,,1,,0007_0000000164,0003_0000000006
0008_0000000165,,0008_0000000165,umadmin,2019-07-24 08:30:35,umadmin,2019-07-24 08:14:07,Demo_unit_165,37,2019-07-24 16:30:35,APP,,,,1,,0007_0000000165,0003_0000000006
0008_0000000166,,0008_0000000166,umadmin,2019-07-24 08:30:35,umadmin,2019-07-24 08:14:07,Demo_unit_166,37,2019-07-24 16:30:35,APP,,,,1,,0007_0000000166,0003_0000000006
0008_0000000167,,0008_0000000167,umadmin,2019-07-24 08:30:35,umadmin,2019-07-24 08:14:07,Demo_unit_167,37,2019-07-24 16:30:35,APP,,,,1,,0007_0000000167,0003_0000000006
0008_0000000168,,0008_0000000168,umadmin,2019-07-24 08:30:35,umadmin,2019-07-24 08:14:07,Demo_unit_168,37,2019-07-24 16:30:35,APP,,,,1,,0007_0000000168,0003_0000000006
0008_0000000169,,0008_0000000169,umadmin,2019-07-24 08:30:35,umadmin,2019-07-24 08:14:07,Demo_unit_169,37,2019-07-24 16:30:35,APP,,,,1,,0007_0000000169,0003_0000000006
0008_0000000170,,0008_0000000170,umadmin,2019-07-24 08:30:35,umadmin,2019-07-24 08:14:07,Demo_unit_170,37,2019-07-24 16:30:35,APP,,,,1,,0007_0000000170,0003_0000000006
0008_0000000171,,0008_0000000171,umadmin,2019-07-24 08:30:35,umadmin,2019-07-24 08:14:07,Demo_unit_171,37,2019-07-24 16:30:35,APP,,,,1,,0007_0000000171,0003_0000000006
0008_0000000172,,0008_0000000172,umadmin,2019-07-24 08:30:35,umadmin,2019-07-24 08:14:07,Demo_unit_172,37,2019-07-24 16:30:35,APP,,,,1,,0007_0000000172,0003_0000000006
0008_0000000173,,0008_0000000173,umadmin,2019-07-24 08:30:35,umadmin,2019-07-24 08:14:07,Demo_unit_173,37,2019-07-24 16:30:35,APP,,,,1,,0007_0000000173,0003_0000000006
0008_0000000174,,0008_0000000174,umadmin,2019-07-24 08:30:35,umadmin,2019-07-24 08:14:07,Demo_unit_174,37,2019-07-24 16:30:35,APP,,,,1,,0007_0000000174,0003_0000000006
0008_0000000175,,0008_0000000175,umadmin,2019-07-24 08:30:35,umadmin,2019-07-24 08:14:07,Demo_unit_175,37,2019-07-24 16:30:35,APP,,,,1,,0007_0000000175,0003_0000000006
0008_0000000176,,0008_0000000176,umadmin,2019-07-24 08:30:35,umadmin,2019-07-24 08:14:07,Demo_unit_176,37,2019-07-24 16:30:35,APP,,,,1,,0007_0000000176,0003_0000000006
0008_0000000177,,0008_0000000177,umadmin,2019-07-24 08:30:35,umadmin,2019-07-24 08:14:07,Demo_unit_177,37,2019-07-24 16:30:35,APP,,,,1,,0007_0000000177,0003_0000000006
0008_0000000178,,0008_0000000178,umadmin,2019-07-24 08:30:35,umadmin,2019-07-24 08:14:07,Demo_unit_178,37,2019-07-24 16:30:35,APP,,,,1,,0007_0000000178,0003_0000000006
0008_0000000179,,0008_0000000179,umadmin,2019-07-24 08:30:35,umadmin,2019-07-24 08:14:07,Demo_unit_179,37,2019-07-24 16:30:35,APP,,,,1,,0007_0000000179,0003_0000000006
0008_0000000180,,0008_0000000180,umadmin,2019-07-24 08:30:35,umadmin,2019-07-24 08:14:07,Demo_unit_180,37,2019-07-24 16:30:35,APP,,,,1,,0007_0000000180,0003_0000000006
0008_0000000181,,0008_0000000181,umadmin,2019-07-24 08:30:35,umadmin,2019-07-24 08:14:07,Demo_unit_181,37,2019-07-24 16:30:35,APP,,,,1,,0007_0000000181,0003_0000000006
0008_0000000182,,0008_0000000182,umadmin,2019-07-24 08:30:35,umadmin,2019-07-24 08:14:07,Demo_unit_182,37,2019-07-24 16:30:35,APP,,,,1,,0007_0000000182,0003_0000000006
0008_0000000183,,0008_0000000183,umadmin,2019-07-24 08:30:35,umadmin,2019-07-24 08:14:07,Demo_unit_183,37,2019-07-24 16:30:35,APP,,,,1,,0007_0000000183,0003_0000000006
0008_0000000184,,0008_0000000184,umadmin,2019-07-24 08:30:35,umadmin,2019-07-24 08:14:07,Demo_unit_184,37,2019-07-24 16:30:35,APP,,,,1,,0007_0000000184,0003_0000000006
0008_0000000185,,0008_0000000185,umadmin,2019-07-24 08:30:35,umadmin,2019-07-24 08:14:07,Demo_unit_185,37,2019-07-24 16:30:35,APP,,,,1,,0007_0000000185,0003_0000000006
0008_0000000186,,0008_0000000186,umadmin,2019-07-24 08:30:35,umadmin,2019-07-24 08:14:07,Demo_unit_186,37,2019-07-24 16:30:35,APP,,,,1,,0007_0000000186,0003_0000000006
0008_0000000187,,0008_0000000187,umadmin,2019-07-24 08:30:35,umadmin,2019-07-24 08:14:07,Demo_unit_187,37,2019-07-24 16:30:35,APP,,,,1,,0007_0000000187,0003_0000000006
0008_0000000188,,0008_0000000188,umadmin,2019-07-24 08:30:35,umadmin,2019-07-24 08:14:07,Demo_unit_188,37,2019-07-24 16:30:35,APP,,,,1,,0007_0000000188,0003_0000000006
0008_0000000189,,0008_0000000189,umadmin,2019-07-24 08:30:35,umadmin,2019-07-24 08:14:07,Demo_unit_189,37,2019-07-24 16:30:35,APP,,,,1,,0007_0000000189,0003_0000000006
0008_0000000190,,0008_0000000190,umadmin,2019-07-24 08:30:35,umadmin,2019-07-24 08:14:07,Demo_unit_190,37,2019-07-24 16:30:35,APP,,,,1,,0007_0000000190,0003_0000000006
0008_0000000191,,0008_0000000191,umadmin,2019-07-24 08:30:35,umadmin,2019-07-24 08:14:07,Demo_unit_191,37,2019-07-24 16:30:35,APP,,,,1,,0007_0000000191,0003_0000000006
0008_0000000192,,0008_0000000192,umadmin,2019-07-24 08:30:35,umadmin,2019-07-24 08:14:07,Demo_unit_192,37,2019-07-24 16:30:35,APP,,,,1,,0007_0000000192,0003_0000000006
0008_0000000193,,0008_0000000193,umadmin,2019-07-24 08:30:35,umadmin,2019-07-24 08:14:07,Demo_unit_193,37,2019-07-24 16:30:35,APP,,,,1,,0007_0000000193,0003_0000000006
0008_0000000194,,0008_0000000194,umadmin,2019-07-24 08:30:35,umadmin,2019-07-24 08:14:07,Demo_unit_194,37,2019-07-24 16:30:35,APP,,,,1,,0007_0000000194,0003_0000000006
0008_0000000195,,0008_0000000195,umadmin,2019-07-24 08:30:35,umadmin,2019-07-24 08:14:07,Demo_unit_195,37,2019-07-24 16:30:35,APP,,,,1,,0007_0000000195,0003_0000000006
0008_0000000196,,0008_0000000196,umadmin,2019-07-24 08:30:35,umadmin,2019-07-24 08:14:07,Demo_unit_196,37,2019-07-24 16:30:35,APP,,,,1,,0007_0000000196,0003_0000000006
0008_0000000197,,0008_0000000197,umadmin,2019-07-24 08:30:35,umadmin,2019-07-24 08:14:07,Demo_unit_197,37,2019-07-24 16:30:35,APP,,,,1,,0007_0000000197,0003_0000000006
0008_0000000198,,0008_0000000198,umadmin,2019-07-24 08:30:35,umadmin,2019-07-24 08:14:07,Demo_unit_198,37,2019-07-24 16:30:35,APP,,,,1,,0007_0000000198,0003_0000000006
0008_0000000199,,0008_0000000199,umadmin,2019-07-24 08:30:35,umadmin,2019-07-24 08:14:07,Demo_unit_199,37,2019-07-24 16:30:35,APP,,,,1,,0007_0000000199,0003_0000000006
0008_0000000200,,0008_0000000200,umadmin,2019-07-24 08:30:35,umadmin,2019-07-24 08:14:07,Demo_unit_200,37,2019-07-24 16:30:35,APP,,,,1,,0007_0000000200,0003_0000000006
0008_0000000201,,0008_0000000201,umadmin,2019-07-24 08:30:35,umadmin,2019-07-24 08:14:07,Demo_unit_201,37,2019-07-24 16:30:35,APP,,,,1,,0007_0000000201,0003_0000000006
0008_0000000202,,0008_0000000202,umadmin,2019-07-24 08:30:35,umadmin,2019-07-24 08:14:07,Demo_unit_202,37,2019-07-24 16:30:35,APP,,,,1,,0007_0000000202,0003_0000000006
0008_0000000203,,0008_0000000203,umadmin,2019-07-24 08:30:35,umadmin,2019-07-24 08:14:07,Demo_unit_203,37,2019-07-24 16:30:35,APP,,,,1,,0007_0000000203,0003_0000000006
0008_0000000204,,0008_0000000204,umadmin,2019-07-24 08:30:35,umadmin,2019-07-24 08:14:07,Demo_unit_204,37,2019-07-24 16:30:35,APP,,,,1,,0007_0000000204,0003_0000000006
0008_0000000205,,0008_0000000205,umadmin,2019-07-24 08:30:35,umadmin,2019-07-24 08:14:07,Demo_unit_205,37,2019-07-24 16:30:35,APP,,,,1,,0007_0000000205,0003_0000000006
0008_0000000206,,0008_0000000206,umadmin,2019-07-24 08:30:35,umadmin,2019-07-24 08:14:07,Demo_unit_206,37,2019-07-24 16:30:35,APP,,,,1,,0007_0000000206,0003_0000000006
0008_0000000207,,0008_0000000207,umadmin,2019-07-24 08:30:35,umadmin,2019-07-24 08:14:07,Demo_unit_207,37,2019-07-24 16:30:35,APP,,,,1,,0007_0000000207,0003_0000000006
0008_0000000208,,0008_0000000208,umadmin,2019-07-24 08:30:35,umadmin,2019-07-24 08:14:07,Demo_unit_208,37,2019-07-24 16:30:35,APP,,,,1,,0007_0000000208,0003_0000000006
0008_0000000209,,0008_0000000209,umadmin,2019-07-24 08:30:35,umadmin,2019-07-24 08:14:07,Demo_unit_209,37,2019-07-24 16:30:35,APP,,,,1,,0007_0000000209,0003_0000000006
0008_0000000210,,0008_0000000210,umadmin,2019-07-24 08:30:35,umadmin,2019-07-24 08:14:07,Demo_unit_210,37,2019-07-24 16:30:35,APP,,,,1,,0007_0000000210,0003_0000000006
0008_0000000211,,0008_0000000211,umadmin,2019-07-24 08:30:35,umadmin,2019-07-24 08:14:07,Demo_unit_211,37,2019-07-24 16:30:35,APP,,,,1,,0007_0000000211,0003_0000000006
0008_0000000212,,0008_0000000212,umadmin,2019-07-24 08:30:35,umadmin,2019-07-24 08:14:07,Demo_unit_212,37,2019-07-24 16:30:35,APP,,,,1,,0007_0000000212,0003_0000000006
0008_0000000213,,0008_0000000213,umadmin,2019-07-24 08:30:35,umadmin,2019-07-24 08:14:07,Demo_unit_213,37,2019-07-24 16:30:35,APP,,,,1,,0007_0000000213,0003_0000000006
0008_0000000214,,0008_0000000214,umadmin,2019-07-24 08:30:35,umadmin,2019-07-24 08:14:07,Demo_unit_214,37,2019-07-24 16:30:35,APP,,,,1,,0007_0000000214,0003_0000000006
0008_0000000215,,0008_0000000215,umadmin,2019-07-24 08:30:35,umadmin,2019-07-24 08:14:07,Demo_unit_215,37,2019-07-24 16:30:35,APP,,,,1,,0007_0000000215,0003_0000000006
0008_0000000216,,0008_0000000216,umadmin,2019-07-24 08:30:35,umadmin,2019-07-24 08:14:07,Demo_unit_216,37,2019-07-24 16:30:35,APP,,,,1,,0007_0000000216,0003_0000000006
0008_0000000217,,0008_0000000217,umadmin,2019-07-24 08:30:35,umadmin,2019-07-24 08:14:07,Demo_unit_217,37,2019-07-24 16:30:35,APP,,,,1,,0007_0000000217,0003_0000000006
0008_0000000218,,0008_0000000218,umadmin,2019-07-24 08:30:35,umadmin,2019-07-24 08:14:07,Demo_unit_218,37,2019-07-24 16:30:35,APP,,,,1,,0007_0000000218,0003_0000000006
0008_0000000219,,0008_0000000219,umadmin,2019-07-24 08:30:35,umadmin,2019-07-24 08:14:07,Demo_unit_219,37,2019-07-24 16:30:35,APP,,,,1,,0007_0000000219,0003_0000000006
0008_0000000220,,0008_0000000220,umadmin,2019-07-24 08:30:35,umadmin,2019-07-24 08:14:07,Demo_unit_220,37,2019-07-24 16:30:35,APP,,,,1,,0007_0000000220,0003_0000000006
0008_0000000221,,0008_0000000221,umadmin,2019-07-24 08:30:35,umadmin,2019-07-24 08:14:07,Demo_unit_221,37,2019-07-24 16:30:35,APP,,,,1,,0007_0000000221,0003_0000000006
0008_0000000222,,0008_0000000222,umadmin,2019-07-24 08:30:35,umadmin,2019-07-24 08:14:07,Demo_unit_222,37,2019-07-24 16:30:35,APP,,,,1,,0007_0000000222,0003_0000000006
0008_0000000223,,0008_0000000223,umadmin,2019-07-24 08:30:35,umadmin,2019-07-24 08:14:07,Demo_unit_223,37,2019-07-24 16:30:35,APP,,,,1,,0007_0000000223,0003_0000000006
0008_0000000224,,0008_0000000224,umadmin,2019-07-24 08:30:35,umadmin,2019-07-24 08:14:07,Demo_unit_224,37,2019-07-24 16:30:35,APP,,,,1,,0007_0000000224,0003_0000000006
0008_0000000225,,0008_0000000225,umadmin,2019-07-24 08:30:35,umadmin,2019-07-24 08:14:07,Demo_unit_225,37,2019-07-24 16:30:35,APP,,,,1,,0007_0000000225,0003_0000000006
0008_0000000226,,0008_0000000226,umadmin,2019-07-24 08:30:35,umadmin,2019-07-24 08:14:07,Demo_unit_226,37,2019-07-24 16:30:35,APP,,,,1,,0007_0000000226,0003_0000000006
0008_0000000227,,0008_0000000227,umadmin,2019-07-24 08:30:35,umadmin,2019-07-24 08:14:07,Demo_unit_227,37,2019-07-24 16:30:35,APP,,,,1,,0007_0000000227,0003_0000000006
0008_0000000228,,0008_0000000228,umadmin,2019-07-24 08:30:35,umadmin,2019-07-24 08:14:07,Demo_unit_228,37,2019-07-24 16:30:35,APP,,,,1,,0007_0000000228,0003_0000000006
0008_0000000229,,0008_0000000229,umadmin,2019-07-24 08:30:35,umadmin,2019-07-24 08:14:07,Demo_unit_229,37,2019-07-24 16:30:35,APP,,,,1,,0007_0000000229,0003_0000000006
0008_0000000230,,0008_0000000230,umadmin,2019-07-24 08:30:35,umadmin,2019-07-24 08:14:07,Demo_unit_230,37,2019-07-24 16:30:35,APP,,,,1,,0007_0000000230,0003_0000000006
0008_0000000231,,0008_0000000231,umadmin,2019-07-24 08:30:35,umadmin,2019-07-24 08:14:07,Demo_unit_231,37,2019-07-24 16:30:35,APP,,,,1,,0007_0000000231,0003_0000000006
0008_0000000232,,0008_0000000232,umadmin,2019-07-24 08:30:35,umadmin,2019-07-24 08:14:07,Demo_unit_232,37,2019-07-24 16:30:35,APP,,,,1,,0007_0000000232,0003_0000000006
0008_0000000233,,0008_0000000233,umadmin,2019-07-24 08:30:35,umadmin,2019-07-24 08:14:07,Demo_unit_233,37,2019-07-24 16:30:35,APP,,,,1,,0007_0000000233,0003_0000000006
0008_0000000234,,0008_0000000234,umadmin,2019-07-24 08:30:35,umadmin,2019-07-24 08:14:07,Demo_unit_234,37,2019-07-24 16:30:35,APP,,,,1,,0007_0000000234,0003_0000000006
0008_0000000235,,0008_0000000235,umadmin,2019-07-24 08:30:35,umadmin,2019-07-24 08:14:07,Demo_unit_235,37,2019-07-24 16:30:35,APP,,,,1,,0007_0000000235,0003_0000000006
0008_0000000236,,0008_0000000236,umadmin,2019-07-24 08:30:35,umadmin,2019-07-24 08:14:07,Demo_unit_236,37,2019-07-24 16:30:35,APP,,,,1,,0007_0000000236,0003_0000000006
0008_0000000237,,0008_0000000237,umadmin,2019-07-24 08:30:35,umadmin,2019-07-24 08:14:07,Demo_unit_237,37,2019-07-24 16:30:35,APP,,,,1,,0007_0000000237,0003_0000000006
0008_0000000238,,0008_0000000238,umadmin,2019-07-24 08:30:35,umadmin,2019-07-24 08:14:07,Demo_unit_238,37,2019-07-24 16:30:35,APP,,,,1,,0007_0000000238,0003_0000000006
0008_0000000239,,0008_0000000239,umadmin,2019-07-24 08:30:35,umadmin,2019-07-24 08:14:07,Demo_unit_239,37,2019-07-24 16:30:35,APP,,,,1,,0007_0000000239,0003_0000000006
0008_0000000240,,0008_0000000240,umadmin,2019-07-24 08:30:35,umadmin,2019-07-24 08:14:07,Demo_unit_240,37,2019-07-24 16:30:35,APP,,,,1,,0007_0000000240,0003_0000000006
0008_0000000241,,0008_0000000241,umadmin,2019-07-24 08:30:35,umadmin,2019-07-24 08:14:07,Demo_unit_241,37,2019-07-24 16:30:35,APP,,,,1,,0007_0000000241,0003_0000000006
0008_0000000242,,0008_0000000242,umadmin,2019-07-24 08:30:35,umadmin,2019-07-24 08:14:07,Demo_unit_242,37,2019-07-24 16:30:35,APP,,,,1,,0007_0000000242,0003_0000000006
0008_0000000243,,0008_0000000243,umadmin,2019-07-24 08:30:35,umadmin,2019-07-24 08:14:07,Demo_unit_243,37,2019-07-24 16:30:35,APP,,,,1,,0007_0000000243,0003_0000000006
0008_0000000244,,0008_0000000244,umadmin,2019-07-24 08:30:35,umadmin,2019-07-24 08:14:07,Demo_unit_244,37,2019-07-24 16:30:35,APP,,,,1,,0007_0000000244,0003_0000000006
0008_0000000245,,0008_0000000245,umadmin,2019-07-24 08:30:35,umadmin,2019-07-24 08:14:07,Demo_unit_245,37,2019-07-24 16:30:35,APP,,,,1,,0007_0000000245,0003_0000000006
0008_0000000246,,0008_0000000246,umadmin,2019-07-24 08:30:35,umadmin,2019-07-24 08:14:07,Demo_unit_246,37,2019-07-24 16:30:35,APP,,,,1,,0007_0000000246,0003_0000000006
0008_0000000247,,0008_0000000247,umadmin,2019-07-24 08:30:35,umadmin,2019-07-24 08:14:07,Demo_unit_247,37,2019-07-24 16:30:35,APP,,,,1,,0007_0000000247,0003_0000000006
0008_0000000248,,0008_0000000248,umadmin,2019-07-24 08:30:35,umadmin,2019-07-24 08:14:07,Demo_unit_248,37,2019-07-24 16:30:35,APP,,,,1,,0007_0000000248,0003_0000000006
0008_0000000249,,0008_0000000249,umadmin,2019-07-24 08:30:35,umadmin,2019-07-24 08:14:07,Demo_unit_249,37,2019-07-24 16:30:35,APP,,,,1,,0007_0000000249,0003_0000000006
0008_0000000250,,0008_0000000250,umadmin,2019-07-24 08:30:35,umadmin,2019-07-24 08:14:07,Demo_unit_250,37,2019-07-24 16:30:35,APP,,,,1,,0007_0000000250,0003_0000000006
0008_0000000251,,0008_0000000251,umadmin,2019-07-24 08:30:35,umadmin,2019-07-24 08:14:07,Demo_unit_251,37,2019-07-24 16:30:35,APP,,,,1,,0007_0000000251,0003_0000000006
0008_0000000252,,0008_0000000252,umadmin,2019-07-24 08:30:35,umadmin,2019-07-24 08:14:07,Demo_unit_252,37,2019-07-24 16:30:35,APP,,,,1,,0007_0000000252,0003_0000000006
0008_0000000253,,0008_0000000253,umadmin,2019-07-24 08:30:35,umadmin,2019-07-24 08:14:07,Demo_unit_253,37,2019-07-24 16:30:35,APP,,,,1,,0007_0000000253,0003_0000000006
0008_0000000254,,0008_0000000254,umadmin,2019-07-24 08:30:35,umadmin,2019-07-24 08:14:07,Demo_unit_254,37,2019-07-24 16:30:35,APP,,,,1,,0007_0000000254,0003_0000000006
0008_0000000255,,0008_0000000255,umadmin,2019-07-24 08:30:35,umadmin,2019-07-24 08:14:07,Demo_unit_255,37,2019-07-24 16:30:35,APP,,,,1,,0007_0000000255,0003_0000000006
0008_0000000256,,0008_0000000256,umadmin,2019-07-24 08:30:35,umadmin,2019-07-24 08:14:07,Demo_unit_256,37,2019-07-24 16:30:35,APP,,,,1,,0007_0000000256,0003_0000000006
0008_0000000257,,0008_0000000257,umadmin,2019-07-24 08:30:35,umadmin,2019-07-24 08:14:07,Demo_unit_257,37,2019-07-24 16:30:35,APP,,,,1,,0007_0000000257,0003_0000000006
0008_0000000258,,0008_0000000258,umadmin,2019-07-24 08:30:35,umadmin,2019-07-24 08:14:07,Demo_unit_258,37,2019-07-24 16:30:35,APP,,,,1,,0007_0000000258,0003_0000000006
0008_0000000259,,0008_0000000259,umadmin,2019-07-24 08:30:35,umadmin,2019-07-24 08:14:07,Demo_unit_259,37,2019-07-24 16:30:35,APP,,,,1,,0007_0000000259,0003_0000000006
0008_0000000260,,0008_0000000260,umadmin,2019-07-24 08:30:35,umadmin,2019-07-24 08:14:07,Demo_unit_260,37,2019-07-24 16:30:35,APP,,,,1,,0007_0000000260,0003_0000000006
0008_0000000261,,0008_0000000261,umadmin,2019-07-24 08:30:35,umadmin,2019-07-24 08:14:07,Demo_unit_261,37,2019-07-24 16:30:35,APP,,,,1,,0007_0000000261,0003_0000000006
0008_0000000262,,0008_0000000262,umadmin,2019-07-24 08:30:35,umadmin,2019-07-24 08:14:07,Demo_unit_262,37,2019-07-24 16:30:35,APP,,,,1,,0007_0000000262,0003_0000000006
0008_0000000263,,0008_0000000263,umadmin,2019-07-24 08:30:35,umadmin,2019-07-24 08:14:07,Demo_unit_263,37,2019-07-24 16:30:35,APP,,,,1,,0007_0000000263,0003_0000000006
0008_0000000264,,0008_0000000264,umadmin,2019-07-24 08:30:35,umadmin,2019-07-24 08:14:07,Demo_unit_264,37,2019-07-24 16:30:35,APP,,,,1,,0007_0000000264,0003_0000000006
0008_0000000265,,0008_0000000265,umadmin,2019-07-24 08:30:35,umadmin,2019-07-24 08:14:07,Demo_unit_265,37,2019-07-24 16:30:35,APP,,,,1,,0007_0000000265,0003_0000000006
0008_0000000266,,0008_0000000266,umadmin,2019-07-24 08:30:35,umadmin,2019-07-24 08:14:07,Demo_unit_266,37,2019-07-24 16:30:35,APP,,,,1,,0007_0000000266,0003_0000000006
0008_0000000267,,0008_0000000267,umadmin,2019-07-24 08:30:35,umadmin,2019-07-24 08:14:07,Demo_unit_267,37,2019-07-24 16:30:35,APP,,,,1,,0007_0000000267,0003_0000000006
0008_0000000268,,0008_0000000268,umadmin,2019-07-24 08:30:35,umadmin,2019-07-24 08:14:07,Demo_unit_268,37,2019-07-24 16:30:35,APP,,,,1,,0007_0000000268,0003_0000000006
0008_0000000269,,0008_0000000269,umadmin,2019-07-24 08:30:35,umadmin,2019-07-24 08:14:07,Demo_unit_269,37,2019-07-24 16:30:35,APP,,,,1,,0007_0000000269,0003_0000000006
0008_0000000270,,0008_0000000270,umadmin,2019-07-24 08:30:35,umadmin,2019-07-24 08:14:07,Demo_unit_270,37,2019-07-24 16:30:35,APP,,,,1,,0007_0000000270,0003_0000000006
0008_0000000271,,0008_0000000271,umadmin,2019-07-24 08:30:35,umadmin,2019-07-24 08:14:07,Demo_unit_271,37,2019-07-24 16:30:35,APP,,,,1,,0007_0000000271,0003_0000000006
0008_0000000272,,0008_0000000272,umadmin,2019-07-24 08:30:35,umadmin,2019-07-24 08:14:07,Demo_unit_272,37,2019-07-24 16:30:35,APP,,,,1,,0007_0000000272,0003_0000000006
0008_0000000273,,0008_0000000273,umadmin,2019-07-24 08:30:35,umadmin,2019-07-24 08:14:07,Demo_unit_273,37,2019-07-24 16:30:35,APP,,,,1,,0007_0000000273,0003_0000000006
0008_0000000274,,0008_0000000274,umadmin,2019-07-24 08:30:35,umadmin,2019-07-24 08:14:07,Demo_unit_274,37,2019-07-24 16:30:35,APP,,,,1,,0007_0000000274,0003_0000000006
0008_0000000275,,0008_0000000275,umadmin,2019-07-24 08:30:35,umadmin,2019-07-24 08:14:07,Demo_unit_275,37,2019-07-24 16:30:35,APP,,,,1,,0007_0000000275,0003_0000000006
0008_0000000276,,0008_0000000276,umadmin,2019-07-24 08:30:35,umadmin,2019-07-24 08:14:07,Demo_unit_276,37,2019-07-24 16:30:35,APP,,,,1,,0007_0000000276,0003_0000000006
0008_0000000277,,0008_0000000277,umadmin,2019-07-24 08:30:35,umadmin,2019-07-24 08:14:07,Demo_unit_277,37,2019-07-24 16:30:35,APP,,,,1,,0007_0000000277,0003_0000000006
0008_0000000278,,0008_0000000278,umadmin,2019-07-24 08:30:35,umadmin,2019-07-24 08:14:07,Demo_unit_278,37,2019-07-24 16:30:35,APP,,,,1,,0007_0000000278,0003_0000000006
0008_0000000279,,0008_0000000279,umadmin,2019-07-24 08:30:35,umadmin,2019-07-24 08:14:07,Demo_unit_279,37,2019-07-24 16:30:35,APP,,,,1,,0007_0000000279,0003_0000000006
0008_0000000280,,0008_0000000280,umadmin,2019-07-24 08:30:35,umadmin,2019-07-24 08:14:07,Demo_unit_280,37,2019-07-24 16:30:35,APP,,,,1,,0007_0000000280,0003_0000000006
0008_0000000281,,0008_0000000281,umadmin,2019-07-24 08:30:35,umadmin,2019-07-24 08:14:07,Demo_unit_281,37,2019-07-24 16:30:35,APP,,,,1,,0007_0000000281,0003_0000000006
0008_0000000282,,0008_0000000282,umadmin,2019-07-24 08:30:35,umadmin,2019-07-24 08:14:07,Demo_unit_282,37,2019-07-24 16:30:35,APP,,,,1,,0007_0000000282,0003_0000000006
0008_0000000283,,0008_0000000283,umadmin,2019-07-24 08:30:35,umadmin,2019-07-24 08:14:07,Demo_unit_283,37,2019-07-24 16:30:35,APP,,,,1,,0007_0000000283,0003_0000000006
0008_0000000284,,0008_0000000284,umadmin,2019-07-24 08:30:35,umadmin,2019-07-24 08:14:07,Demo_unit_284,37,2019-07-24 16:30:35,APP,,,,1,,0007_0000000284,0003_0000000006
0008_0000000285,,0008_0000000285,umadmin,2019-07-24 08:30:35,umadmin,2019-07-24 08:14:07,Demo_unit_285,37,2019-07-24 16:30:35,APP,,,,1,,0007_0000000285,0003_0000000006
0008_0000000286,,0008_0000000286,umadmin,2019-07-24 08:30:35,umadmin,2019-07-24 08:14:07,Demo_unit_286,37,2019-07-24 16:30:35,APP,,,,1,,0007_0000000286,0003_0000000006
0008_0000000287,,0008_0000000287,umadmin,2019-07-24 08:30:35,umadmin,2019-07-24 08:14:07,Demo_unit_287,37,2019-07-24 16:30:35,APP,,,,1,,0007_0000000287,0003_0000000006
0008_0000000288,,0008_0000000288,umadmin,2019-07-24 08:30:35,umadmin,2019-07-24 08:14:07,Demo_unit_288,37,2019-07-24 16:30:35,APP,,,,1,,0007_0000000288,0003_0000000006
0008_0000000289,,0008_0000000289,umadmin,2019-07-24 08:30:35,umadmin,2019-07-24 08:14:07,Demo_unit_289,37,2019-07-24 16:30:35,APP,,,,1,,0007_0000000289,0003_0000000006
0008_0000000290,,0008_0000000290,umadmin,2019-07-24 08:30:35,umadmin,2019-07-24 08:14:07,Demo_unit_290,37,2019-07-24 16:30:35,APP,,,,1,,0007_0000000290,0003_0000000006
0008_0000000291,,0008_0000000291,umadmin,2019-07-24 08:30:35,umadmin,2019-07-24 08:14:07,Demo_unit_291,37,2019-07-24 16:30:35,APP,,,,1,,0007_0000000291,0003_0000000006
0008_0000000292,,0008_0000000292,umadmin,2019-07-24 08:30:35,umadmin,2019-07-24 08:14:07,Demo_unit_292,37,2019-07-24 16:30:35,APP,,,,1,,0007_0000000292,0003_0000000006
0008_0000000293,,0008_0000000293,umadmin,2019-07-24 08:30:35,umadmin,2019-07-24 08:14:07,Demo_unit_293,37,2019-07-24 16:30:35,APP,,,,1,,0007_0000000293,0003_0000000006
0008_0000000294,,0008_0000000294,umadmin,2019-07-24 08:30:35,umadmin,2019-07-24 08:14:07,Demo_unit_294,37,2019-07-24 16:30:35,APP,,,,1,,0007_0000000294,0003_0000000006
0008_0000000295,,0008_0000000295,umadmin,2019-07-24 08:30:35,umadmin,2019-07-24 08:14:07,Demo_unit_295,37,2019-07-24 16:30:35,APP,,,,1,,0007_0000000295,0003_0000000006
0008_0000000296,,0008_0000000296,umadmin,2019-07-24 08:30:35,umadmin,2019-07-24 08:14:07,Demo_unit_296,37,2019-07-24 16:30:35,APP,,,,1,,0007_0000000296,0003_0000000006
0008_0000000297,,0008_0000000297,umadmin,2019-07-24 08:30:35,umadmin,2019-07-24 08:14:07,Demo_unit_297,37,2019-07-24 16:30:35,APP,,,,1,,0007_0000000297,0003_0000000006
0008_0000000298,,0008_0000000298,umadmin,2019-07-24 08:30:35,umadmin,2019-07-24 08:14:07,Demo_unit_298,37,2019-07-24 16:30:35,APP,,,,1,,0007_0000000298,0003_0000000006
0008_0000000299,,0008_0000000299,umadmin,2019-07-24 08:30:35,umadmin,2019-07-24 08:14:07,Demo_unit_299,37,2019-07-24 16:30:35,APP,,,,1,,0007_0000000299,0003_0000000006
0008_0000000300,,0008_0000000300,umadmin,2019-07-24 08:30:35,umadmin,2019-07-24 08:14:07,Demo_unit_300,37,2019-07-24 16:30:35,APP,,,,1,,0007_0000000300,0003_0000000006
0008_0000000301,,0008_0000000301,umadmin,2019-07-24 08:30:35,umadmin,2019-07-24 08:14:07,Demo_unit_301,37,2019-07-24 16:30:35,APP,,,,1,,0007_0000000301,0003_0000000006
0008_0000000302,,0008_0000000302,umadmin,2019-07-24 08:30:35,umadmin,2019-07-24 08:14:07,Demo_unit_302,37,2019-07-24 16:30:35,APP,,,,1,,0007_0000000302,0003_0000000006
0008_0000000303,,0008_0000000303,umadmin,2019-07-24 08:30:35,umadmin,2019-07-24 08:14:07,Demo_unit_303,37,2019-07-24 16:30:35,APP,,,,1,,0007_0000000303,0003_0000000006
0008_0000000304,,0008_0000000304,umadmin,2019-07-24 08:30:35,umadmin,2019-07-24 08:14:07,Demo_unit_304,37,2019-07-24 16:30:35,APP,,,,1,,0007_0000000304,0003_0000000006
0008_0000000305,,0008_0000000305,umadmin,2019-07-24 08:30:35,umadmin,2019-07-24 08:14:07,Demo_unit_305,37,2019-07-24 16:30:35,APP,,,,1,,0007_0000000305,0003_0000000006
0008_0000000306,,0008_0000000306,umadmin,2019-07-24 08:30:35,umadmin,2019-07-24 08:14:07,Demo_unit_306,37,2019-07-24 16:30:35,APP,,,,1,,0007_0000000306,0003_0000000006
0008_0000000307,,0008_0000000307,umadmin,2019-07-24 08:30:35,umadmin,2019-07-24 08:14:07,Demo_unit_307,37,2019-07-24 16:30:35,APP,,,,1,,0007_0000000307,0003_0000000006
0008_0000000308,,0008_0000000308,umadmin,2019-07-24 08:30:35,umadmin,2019-07-24 08:14:07,Demo_unit_308,37,2019-07-24 16:30:35,APP,,,,1,,0007_0000000308,0003_0000000006
0008_0000000309,,0008_0000000309,umadmin,2019-07-24 08:30:35,umadmin,2019-07-24 08:14:07,Demo_unit_309,37,2019-07-24 16:30:35,APP,,,,1,,0007_0000000309,0003_0000000006
0008_0000000310,,0008_0000000310,umadmin,2019-07-24 08:30:35,umadmin,2019-07-24 08:14:07,Demo_unit_310,37,2019-07-24 16:30:35,APP,,,,1,,0007_0000000310,0003_0000000006
0008_0000000311,,0008_0000000311,umadmin,2019-07-24 08:30:35,umadmin,2019-07-24 08:14:07,Demo_unit_311,37,2019-07-24 16:30:35,APP,,,,1,,0007_0000000311,0003_0000000006
0008_0000000312,,0008_0000000312,umadmin,2019-07-24 08:30:35,umadmin,2019-07-24 08:14:07,Demo_unit_312,37,2019-07-24 16:30:35,APP,,,,1,,0007_0000000312,0003_0000000006
0008_0000000313,,0008_0000000313,umadmin,2019-07-24 08:30:35,umadmin,2019-07-24 08:14:07,Demo_unit_313,37,2019-07-24 16:30:35,APP,,,,1,,0007_0000000313,0003_0000000006
0008_0000000314,,0008_0000000314,umadmin,2019-07-24 08:30:35,umadmin,2019-07-24 08:14:07,Demo_unit_314,37,2019-07-24 16:30:35,APP,,,,1,,0007_0000000314,0003_0000000006
0008_0000000315,,0008_0000000315,umadmin,2019-07-24 08:30:35,umadmin,2019-07-24 08:14:07,Demo_unit_315,37,2019-07-24 16:30:35,APP,,,,1,,0007_0000000315,0003_0000000006
0008_0000000316,,0008_0000000316,umadmin,2019-07-24 08:30:35,umadmin,2019-07-24 08:14:07,Demo_unit_316,37,2019-07-24 16:30:35,APP,,,,1,,0007_0000000316,0003_0000000006
0008_0000000317,,0008_0000000317,umadmin,2019-07-24 08:30:35,umadmin,2019-07-24 08:14:07,Demo_unit_317,37,2019-07-24 16:30:35,APP,,,,1,,0007_0000000317,0003_0000000006
0008_0000000318,,0008_0000000318,umadmin,2019-07-24 08:30:35,umadmin,2019-07-24 08:14:07,Demo_unit_318,37,2019-07-24 16:30:35,APP,,,,1,,0007_0000000318,0003_0000000006
0008_0000000319,,0008_0000000319,umadmin,2019-07-24 08:30:35,umadmin,2019-07-24 08:14:07,Demo_unit_319,37,2019-07-24 16:30:35,APP,,,,1,,0007_0000000319,0003_0000000006
0008_0000000320,,0008_0000000320,umadmin,2019-07-24 08:30:35,umadmin,2019-07-24 08:14:07,Demo_unit_320,37,2019-07-24 16:30:35,APP,,,,1,,0007_0000000320,0003_0000000006
0008_0000000321,,0008_0000000321,umadmin,2019-07-24 08:30:35,umadmin,2019-07-24 08:14:07,Demo_unit_321,37,2019-07-24 16:30:35,APP,,,,1,,0007_0000000321,0003_0000000006
0008_0000000322,,0008_0000000322,umadmin,2019-07-24 08:30:35,umadmin,2019-07-24 08:14:07,Demo_unit_322,37,2019-07-24 16:30:35,APP,,,,1,,0007_0000000322,0003_0000000006
0008_0000000323,,0008_0000000323,umadmin,2019-07-24 08:30:35,umadmin,2019-07-24 08:14:07,Demo_unit_323,37,2019-07-24 16:30:35,APP,,,,1,,0007_0000000323,0003_0000000006
0008_0000000324,,0008_0000000324,umadmin,2019-07-24 08:30:35,umadmin,2019-07-24 08:14:07,Demo_unit_324,37,2019-07-24 16:30:35,APP,,,,1,,0007_0000000324,0003_0000000006
0008_0000000325,,0008_0000000325,umadmin,2019-07-24 08:30:35,umadmin,2019-07-24 08:14:07,Demo_unit_325,37,2019-07-24 16:30:35,APP,,,,1,,0007_0000000325,0003_0000000006
0008_0000000326,,0008_0000000326,umadmin,2019-07-24 08:30:35,umadmin,2019-07-24 08:14:07,Demo_unit_326,37,2019-07-24 16:30:35,APP,,,,1,,0007_0000000326,0003_0000000006
0008_0000000327,,0008_0000000327,umadmin,2019-07-24 08:30:35,umadmin,2019-07-24 08:14:07,Demo_unit_327,37,2019-07-24 16:30:35,APP,,,,1,,0007_0000000327,0003_0000000006
0008_0000000328,,0008_0000000328,umadmin,2019-07-24 08:30:35,umadmin,2019-07-24 08:14:07,Demo_unit_328,37,2019-07-24 16:30:35,APP,,,,1,,0007_0000000328,0003_0000000006
0008_0000000329,,0008_0000000329,umadmin,2019-07-24 08:30:35,umadmin,2019-07-24 08:14:07,Demo_unit_329,37,2019-07-24 16:30:35,APP,,,,1,,0007_0000000329,0003_0000000006
0008_0000000330,,0008_0000000330,umadmin,2019-07-24 08:30:35,umadmin,2019-07-24 08:14:07,Demo_unit_330,37,2019-07-24 16:30:35,APP,,,,1,,0007_0000000330,0003_0000000006
0008_0000000331,,0008_0000000331,umadmin,2019-07-24 08:30:35,umadmin,2019-07-24 08:14:07,Demo_unit_331,37,2019-07-24 16:30:35,APP,,,,1,,0007_0000000331,0003_0000000006
0008_0000000332,,0008_0000000332,umadmin,2019-07-24 08:30:35,umadmin,2019-07-24 08:14:07,Demo_unit_332,37,2019-07-24 16:30:35,APP,,,,1,,0007_0000000332,0003_0000000006
0008_0000000333,,0008_0000000333,umadmin,2019-07-24 08:30:35,umadmin,2019-07-24 08:14:07,Demo_unit_333,37,2019-07-24 16:30:35,APP,,,,1,,0007_0000000333,0003_0000000006
0008_0000000334,,0008_0000000334,umadmin,2019-07-24 08:30:35,umadmin,2019-07-24 08:14:07,Demo_unit_334,37,2019-07-24 16:30:35,APP,,,,1,,0007_0000000334,0003_0000000006
0008_0000000335,,0008_0000000335,umadmin,2019-07-24 08:30:35,umadmin,2019-07-24 08:14:07,Demo_unit_335,37,2019-07-24 16:30:35,APP,,,,1,,0007_0000000335,0003_0000000006
0008_0000000336,,0008_0000000336,umadmin,2019-07-24 08:30:35,umadmin,2019-07-24 08:14:07,Demo_unit_336,37,2019-07-24 16:30:35,APP,,,,1,,0007_0000000336,0003_0000000006
0008_0000000337,,0008_0000000337,umadmin,2019-07-24 08:30:35,umadmin,2019-07-24 08:14:07,Demo_unit_337,37,2019-07-24 16:30:35,APP,,,,1,,0007_0000000337,0003_0000000006
0008_0000000338,,0008_0000000338,umadmin,2019-07-24 08:30:35,umadmin,2019-07-24 08:14:07,Demo_unit_338,37,2019-07-24 16:30:35,APP,,,,1,,0007_0000000338,0003_0000000006
0008_0000000339,,0008_0000000339,umadmin,2019-07-24 08:30:35,umadmin,2019-07-24 08:14:07,Demo_unit_339,37,2019-07-24 16:30:35,APP,,,,1,,0007_0000000339,0003_0000000006
0008_0000000340,,0008_0000000340,umadmin,2019-07-24 08:30:35,umadmin,2019-07-24 08:14:07,Demo_unit_340,37,2019-07-24 16:30:35,APP,,,,1,,0007_0000000340,0003_0000000006
0008_0000000341,,0008_0000000341,umadmin,2019-07-24 08:30:35,umadmin,2019-07-24 08:14:07,Demo_unit_341,37,2019-07-24 16:30:35,APP,,,,1,,0007_0000000341,0003_0000000006
0008_0000000342,,0008_0000000342,umadmin,2019-07-24 08:30:35,umadmin,2019-07-24 08:14:07,Demo_unit_342,37,2019-07-24 16:30:35,APP,,,,1,,0007_0000000342,0003_0000000006
0008_0000000343,,0008_0000000343,umadmin,2019-07-24 08:30:35,umadmin,2019-07-24 08:14:07,Demo_unit_343,37,2019-07-24 16:30:35,APP,,,,1,,0007_0000000343,0003_0000000006
0008_0000000344,,0008_0000000344,umadmin,2019-07-24 08:30:35,umadmin,2019-07-24 08:14:07,Demo_unit_344,37,2019-07-24 16:30:35,APP,,,,1,,0007_0000000344,0003_0000000006
0008_0000000345,,0008_0000000345,umadmin,2019-07-24 08:30:35,umadmin,2019-07-24 08:14:07,Demo_unit_345,37,2019-07-24 16:30:35,APP,,,,1,,0007_0000000345,0003_0000000006
0008_0000000346,,0008_0000000346,umadmin,2019-07-24 08:30:35,umadmin,2019-07-24 08:14:07,Demo_unit_346,37,2019-07-24 16:30:35,APP,,,,1,,0007_0000000346,0003_0000000006
0008_0000000347,,0008_0000000347,umadmin,2019-07-24 08:30:35,umadmin,2019-07-24 08:14:07,Demo_unit_347,37,2019-07-24 16:30:35,APP,,,,1,,0007_0000000347,0003_0000000006
0008_0000000348,,0008_0000000348,umadmin,2019-07-24 08:30:35,umadmin,2019-07-24 08:14:07,Demo_unit_348,37,2019-07-24 16:30:35,APP,,,,1,,0007_0000000348,0003_0000000006
0008_0000000349,,0008_0000000349,umadmin,2019-07-24 08:30:35,umadmin,2019-07-24 08:14:07,Demo_unit_349,37,2019-07-24 16:30:35,APP,,,,1,,0007_0000000349,0003_0000000006
0008_0000000350,,0008_0000000350,umadmin,2019-07-24 08:30:35,umadmin,2019-07-24 08:14:07,Demo_unit_350,37,2019-07-24 16:30:35,APP,,,,1,,0007_0000000350,0003_0000000006
0008_0000000351,,0008_0000000351,umadmin,2019-07-24 08:30:35,umadmin,2019-07-24 08:14:07,Demo_unit_351,37,2019-07-24 16:30:35,APP,,,,1,,0007_0000000351,0003_0000000006
0008_0000000352,,0008_0000000352,umadmin,2019-07-24 08:30:35,umadmin,2019-07-24 08:14:07,Demo_unit_352,37,2019-07-24 16:30:35,APP,,,,1,,0007_0000000352,0003_0000000006
0008_0000000353,,0008_0000000353,umadmin,2019-07-24 08:30:35,umadmin,2019-07-24 08:14:07,Demo_unit_353,37,2019-07-24 16:30:35,APP,,,,1,,0007_0000000353,0003_0000000006
0008_0000000354,,0008_0000000354,umadmin,2019-07-24 08:30:35,umadmin,2019-07-24 08:14:07,Demo_unit_354,37,2019-07-24 16:30:35,APP,,,,1,,0007_0000000354,0003_0000000006
0008_0000000355,,0008_0000000355,umadmin,2019-07-24 08:30:35,umadmin,2019-07-24 08:14:07,Demo_unit_355,37,2019-07-24 16:30:35,APP,,,,1,,0007_0000000355,0003_0000000006
0008_0000000356,,0008_0000000356,umadmin,2019-07-24 08:30:35,umadmin,2019-07-24 08:14:07,Demo_unit_356,37,2019-07-24 16:30:35,APP,,,,1,,0007_0000000356,0003_0000000006
0008_0000000357,,0008_0000000357,umadmin,2019-07-24 08:30:35,umadmin,2019-07-24 08:14:07,Demo_unit_357,37,2019-07-24 16:30:35,APP,,,,1,,0007_0000000357,0003_0000000006
0008_0000000358,,0008_0000000358,umadmin,2019-07-24 08:30:35,umadmin,2019-07-24 08:14:07,Demo_unit_358,37,2019-07-24 16:30:35,APP,,,,1,,0007_0000000358,0003_0000000006
0008_0000000359,,0008_0000000359,umadmin,2019-07-24 08:30:35,umadmin,2019-07-24 08:14:07,Demo_unit_359,37,2019-07-24 16:30:35,APP,,,,1,,0007_0000000359,0003_0000000006
0008_0000000360,,0008_0000000360,umadmin,2019-07-24 08:30:35,umadmin,2019-07-24 08:14:07,Demo_unit_360,37,2019-07-24 16:30:35,APP,,,,1,,0007_0000000360,0003_0000000006
0008_0000000361,,0008_0000000361,umadmin,2019-07-24 08:30:35,umadmin,2019-07-24 08:14:07,Demo_unit_361,37,2019-07-24 16:30:35,APP,,,,1,,0007_0000000361,0003_0000000006
0008_0000000362,,0008_0000000362,umadmin,2019-07-24 08:30:35,umadmin,2019-07-24 08:14:07,Demo_unit_362,37,2019-07-24 16:30:35,APP,,,,1,,0007_0000000362,0003_0000000006
0008_0000000363,,0008_0000000363,umadmin,2019-07-24 08:30:35,umadmin,2019-07-24 08:14:07,Demo_unit_363,37,2019-07-24 16:30:35,APP,,,,1,,0007_0000000363,0003_0000000006
0008_0000000364,,0008_0000000364,umadmin,2019-07-24 08:30:35,umadmin,2019-07-24 08:14:07,Demo_unit_364,37,2019-07-24 16:30:35,APP,,,,1,,0007_0000000364,0003_0000000006
0008_0000000365,,0008_0000000365,umadmin,2019-07-24 08:30:35,umadmin,2019-07-24 08:14:07,Demo_unit_365,37,2019-07-24 16:30:35,APP,,,,1,,0007_0000000365,0003_0000000006
0008_0000000366,,0008_0000000366,umadmin,2019-07-24 08:30:35,umadmin,2019-07-24 08:14:07,Demo_unit_366,37,2019-07-24 16:30:35,APP,,,,1,,0007_0000000366,0003_0000000006
0008_0000000367,,0008_0000000367,umadmin,2019-07-24 08:30:35,umadmin,2019-07-24 08:14:07,Demo_unit_367,37,2019-07-24 16:30:35,APP,,,,1,,0007_0000000367,0003_0000000006
0008_0000000368,,0008_0000000368,umadmin,2019-07-24 08:30:35,umadmin,2019-07-24 08:14:07,Demo_unit_368,37,2019-07-24 16:30:35,APP,,,,1,,0007_0000000368,0003_0000000006
0008_0000000369,,0008_0000000369,umadmin,2019-07-24 08:30:35,umadmin,2019-07-24 08:14:07,Demo_unit_369,37,2019-07-24 16:30:35,APP,,,,1,,0007_0000000369,0003_0000000006
0008_0000000370,,0008_0000000370,umadmin,2019-07-24 08:30:35,umadmin,2019-07-24 08:14:07,Demo_unit_370,37,2019-07-24 16:30:35,APP,,,,1,,0007_0000000370,0003_0000000006
0008_0000000371,,0008_0000000371,umadmin,2019-07-24 08:30:35,umadmin,2019-07-24 08:14:07,Demo_unit_371,37,2019-07-24 16:30:35,APP,,,,1,,0007_0000000371,0003_0000000006
0008_0000000372,,0008_0000000372,umadmin,2019-07-24 08:30:35,umadmin,2019-07-24 08:14:07,Demo_unit_372,37,2019-07-24 16:30:35,APP,,,,1,,0007_0000000372,0003_0000000006
0008_0000000373,,0008_0000000373,umadmin,2019-07-24 08:30:35,umadmin,2019-07-24 08:14:07,Demo_unit_373,37,2019-07-24 16:30:35,APP,,,,1,,0007_0000000373,0003_0000000006
0008_0000000374,,0008_0000000374,umadmin,2019-07-24 08:30:35,umadmin,2019-07-24 08:14:07,Demo_unit_374,37,2019-07-24 16:30:35,APP,,,,1,,0007_0000000374,0003_0000000006
0008_0000000375,,0008_0000000375,umadmin,2019-07-24 08:30:35,umadmin,2019-07-24 08:14:07,Demo_unit_375,37,2019-07-24 16:30:35,APP,,,,1,,0007_0000000375,0003_0000000006
0008_0000000376,,0008_0000000376,umadmin,2019-07-24 08:30:35,umadmin,2019-07-24 08:14:07,Demo_unit_376,37,2019-07-24 16:30:35,APP,,,,1,,0007_0000000376,0003_0000000006
0008_0000000377,,0008_0000000377,umadmin,2019-07-24 08:30:35,umadmin,2019-07-24 08:14:07,Demo_unit_377,37,2019-07-24 16:30:35,APP,,,,1,,0007_0000000377,0003_0000000006
0008_0000000378,,0008_0000000378,umadmin,2019-07-24 08:30:35,umadmin,2019-07-24 08:14:07,Demo_unit_378,37,2019-07-24 16:30:35,APP,,,,1,,0007_0000000378,0003_0000000006
0008_0000000379,,0008_0000000379,umadmin,2019-07-24 08:30:35,umadmin,2019-07-24 08:14:07,Demo_unit_379,37,2019-07-24 16:30:35,APP,,,,1,,0007_0000000379,0003_0000000006
0008_0000000380,,0008_0000000380,umadmin,2019-07-24 08:30:35,umadmin,2019-07-24 08:14:07,Demo_unit_380,37,2019-07-24 16:30:35,APP,,,,1,,0007_0000000380,0003_0000000006
0008_0000000381,,0008_0000000381,umadmin,2019-07-24 08:30:35,umadmin,2019-07-24 08:14:07,Demo_unit_381,37,2019-07-24 16:30:35,APP,,,,1,,0007_0000000381,0003_0000000006
0008_0000000382,,0008_0000000382,umadmin,2019-07-24 08:30:35,umadmin,2019-07-24 08:14:07,Demo_unit_382,37,2019-07-24 16:30:35,APP,,,,1,,0007_0000000382,0003_0000000006
0008_0000000383,,0008_0000000383,umadmin,2019-07-24 08:30:35,umadmin,2019-07-24 08:14:07,Demo_unit_383,37,2019-07-24 16:30:35,APP,,,,1,,0007_0000000383,0003_0000000006
0008_0000000384,,0008_0000000384,umadmin,2019-07-24 08:30:35,umadmin,2019-07-24 08:14:07,Demo_unit_384,37,2019-07-24 16:30:35,APP,,,,1,,0007_0000000384,0003_0000000006
0008_0000000385,,0008_0000000385,umadmin,2019-07-24 08:30:35,umadmin,2019-07-24 08:14:07,Demo_unit_385,37,2019-07-24 16:30:35,APP,,,,1,,0007_0000000385,0003_0000000006
0008_0000000386,,0008_0000000386,umadmin,2019-07-24 08:30:35,umadmin,2019-07-24 08:14:07,Demo_unit_386,37,2019-07-24 16:30:35,APP,,,,1,,0007_0000000386,0003_0000000006
0008_0000000387,,0008_0000000387,umadmin,2019-07-24 08:30:35,umadmin,2019-07-24 08:14:07,Demo_unit_387,37,2019-07-24 16:30:35,APP,,,,1,,0007_0000000387,0003_0000000006
0008_0000000388,,0008_0000000388,umadmin,2019-07-24 08:30:35,umadmin,2019-07-24 08:14:07,Demo_unit_388,37,2019-07-24 16:30:35,APP,,,,1,,0007_0000000388,0003_0000000006
0008_0000000389,,0008_0000000389,umadmin,2019-07-24 08:30:35,umadmin,2019-07-24 08:14:07,Demo_unit_389,37,2019-07-24 16:30:35,APP,,,,1,,0007_0000000389,0003_0000000006
0008_0000000390,,0008_0000000390,umadmin,2019-07-24 08:30:35,umadmin,2019-07-24 08:14:07,Demo_unit_390,37,2019-07-24 16:30:35,APP,,,,1,,0007_0000000390,0003_0000000006
0008_0000000391,,0008_0000000391,umadmin,2019-07-24 08:30:35,umadmin,2019-07-24 08:14:07,Demo_unit_391,37,2019-07-24 16:30:35,APP,,,,1,,0007_0000000391,0003_0000000006
0008_0000000392,,0008_0000000392,umadmin,2019-07-24 08:30:35,umadmin,2019-07-24 08:14:07,Demo_unit_392,37,2019-07-24 16:30:35,APP,,,,1,,0007_0000000392,0003_0000000006
0008_0000000393,,0008_0000000393,umadmin,2019-07-24 08:30:35,umadmin,2019-07-24 08:14:07,Demo_unit_393,37,2019-07-24 16:30:35,APP,,,,1,,0007_0000000393,0003_0000000006
0008_0000000394,,0008_0000000394,umadmin,2019-07-24 08:30:35,umadmin,2019-07-24 08:14:07,Demo_unit_394,37,2019-07-24 16:30:35,APP,,,,1,,0007_0000000394,0003_0000000006
0008_0000000395,,0008_0000000395,umadmin,2019-07-24 08:30:35,umadmin,2019-07-24 08:14:07,Demo_unit_395,37,2019-07-24 16:30:35,APP,,,,1,,0007_0000000395,0003_0000000006
0008_0000000396,,0008_0000000396,umadmin,2019-07-24 08:30:35,umadmin,2019-07-24 08:14:07,Demo_unit_396,37,2019-07-24 16:30:35,APP,,,,1,,0007_0000000396,0003_0000000006
0008_0000000397,,0008_0000000397,umadmin,2019-07-24 08:30:35,umadmin,2019-07-24 08:14:07,Demo_unit_397,37,2019-07-24 16:30:35,APP,,,,1,,0007_0000000397,0003_0000000006
0008_0000000398,,0008_0000000398,umadmin,2019-07-24 08:30:35,umadmin,2019-07-24 08:14:07,Demo_unit_398,37,2019-07-24 16:30:35,APP,,,,1,,0007_0000000398,0003_0000000006
0008_0000000399,,0008_0000000399,umadmin,2019-07-24 08:30:35,umadmin,2019-07-24 08:14:07,Demo_unit_399,37,2019-07-24 16:30:35,APP,,,,1,,0007_0000000399,0003_0000000006
0008_0000000400,,0008_0000000400,umadmin,2019-07-24 08:30:35,umadmin,2019-07-24 08:14:07,Demo_unit_400,37,2019-07-24 16:30:35,APP,,,,1,,0007_0000000400,0003_0000000006
0008_0000000401,,0008_0000000401,umadmin,2019-07-24 08:30:35,umadmin,2019-07-24 08:14:07,Demo_unit_401,37,2019-07-24 16:30:35,APP,,,,1,,0007_0000000401,0003_0000000006
0008_0000000402,,0008_0000000402,umadmin,2019-07-24 08:30:35,umadmin,2019-07-24 08:14:07,Demo_unit_402,37,2019-07-24 16:30:35,APP,,,,1,,0007_0000000402,0003_0000000006
0008_0000000403,,0008_0000000403,umadmin,2019-07-24 08:30:35,umadmin,2019-07-24 08:14:07,Demo_unit_403,37,2019-07-24 16:30:35,APP,,,,1,,0007_0000000403,0003_0000000006
0008_0000000404,,0008_0000000404,umadmin,2019-07-24 08:30:35,umadmin,2019-07-24 08:14:07,Demo_unit_404,37,2019-07-24 16:30:35,APP,,,,1,,0007_0000000404,0003_0000000006
0008_0000000405,,0008_0000000405,umadmin,2019-07-24 08:30:35,umadmin,2019-07-24 08:14:07,Demo_unit_405,37,2019-07-24 16:30:35,APP,,,,1,,0007_0000000405,0003_0000000006
0008_0000000406,,0008_0000000406,umadmin,2019-07-24 08:30:35,umadmin,2019-07-24 08:14:07,Demo_unit_406,37,2019-07-24 16:30:35,APP,,,,1,,0007_0000000406,0003_0000000006
0008_0000000407,,0008_0000000407,umadmin,2019-07-24 08:30:35,umadmin,2019-07-24 08:14:07,Demo_unit_407,37,2019-07-24 16:30:35,APP,,,,1,,0007_0000000407,0003_0000000006
0008_0000000408,,0008_0000000408,umadmin,2019-07-24 08:30:35,umadmin,2019-07-24 08:14:07,Demo_unit_408,37,2019-07-24 16:30:35,APP,,,,1,,0007_0000000408,0003_0000000006
0008_0000000409,,0008_0000000409,umadmin,2019-07-24 08:30:35,umadmin,2019-07-24 08:14:07,Demo_unit_409,37,2019-07-24 16:30:35,APP,,,,1,,0007_0000000409,0003_0000000006
0008_0000000410,,0008_0000000410,umadmin,2019-07-24 08:30:35,umadmin,2019-07-24 08:14:07,Demo_unit_410,37,2019-07-24 16:30:35,APP,,,,1,,0007_0000000410,0003_0000000006
0008_0000000411,,0008_0000000411,umadmin,2019-07-24 08:30:35,umadmin,2019-07-24 08:14:07,Demo_unit_411,37,2019-07-24 16:30:35,APP,,,,1,,0007_0000000411,0003_0000000006
0008_0000000412,,0008_0000000412,umadmin,2019-07-24 08:30:35,umadmin,2019-07-24 08:14:07,Demo_unit_412,37,2019-07-24 16:30:35,APP,,,,1,,0007_0000000412,0003_0000000006
0008_0000000413,,0008_0000000413,umadmin,2019-07-24 08:30:35,umadmin,2019-07-24 08:14:07,Demo_unit_413,37,2019-07-24 16:30:35,APP,,,,1,,0007_0000000413,0003_0000000006
0008_0000000414,,0008_0000000414,umadmin,2019-07-24 08:30:35,umadmin,2019-07-24 08:14:07,Demo_unit_414,37,2019-07-24 16:30:35,APP,,,,1,,0007_0000000414,0003_0000000006
0008_0000000415,,0008_0000000415,umadmin,2019-07-24 08:30:35,umadmin,2019-07-24 08:14:07,Demo_unit_415,37,2019-07-24 16:30:35,APP,,,,1,,0007_0000000415,0003_0000000006
0008_0000000416,,0008_0000000416,umadmin,2019-07-24 08:30:35,umadmin,2019-07-24 08:14:07,Demo_unit_416,37,2019-07-24 16:30:35,APP,,,,1,,0007_0000000416,0003_0000000006
0008_0000000417,,0008_0000000417,umadmin,2019-07-24 08:30:35,umadmin,2019-07-24 08:14:07,Demo_unit_417,37,2019-07-24 16:30:35,APP,,,,1,,0007_0000000417,0003_0000000006
0008_0000000418,,0008_0000000418,umadmin,2019-07-24 08:30:35,umadmin,2019-07-24 08:14:07,Demo_unit_418,37,2019-07-24 16:30:35,APP,,,,1,,0007_0000000418,0003_0000000006
0008_0000000419,,0008_0000000419,umadmin,2019-07-24 08:30:35,umadmin,2019-07-24 08:14:07,Demo_unit_419,37,2019-07-24 16:30:35,APP,,,,1,,0007_0000000419,0003_0000000006
0008_0000000420,,0008_0000000420,umadmin,2019-07-24 08:30:35,umadmin,2019-07-24 08:14:07,Demo_unit_420,37,2019-07-24 16:30:35,APP,,,,1,,0007_0000000420,0003_0000000006
0008_0000000421,,0008_0000000421,umadmin,2019-07-24 08:30:35,umadmin,2019-07-24 08:14:07,Demo_unit_421,37,2019-07-24 16:30:35,APP,,,,1,,0007_0000000421,0003_0000000006
0008_0000000422,,0008_0000000422,umadmin,2019-07-24 08:30:35,umadmin,2019-07-24 08:14:07,Demo_unit_422,37,2019-07-24 16:30:35,APP,,,,1,,0007_0000000422,0003_0000000006
0008_0000000423,,0008_0000000423,umadmin,2019-07-24 08:30:35,umadmin,2019-07-24 08:14:07,Demo_unit_423,37,2019-07-24 16:30:35,APP,,,,1,,0007_0000000423,0003_0000000006
0008_0000000424,,0008_0000000424,umadmin,2019-07-24 08:30:35,umadmin,2019-07-24 08:14:07,Demo_unit_424,37,2019-07-24 16:30:35,APP,,,,1,,0007_0000000424,0003_0000000006
0008_0000000425,,0008_0000000425,umadmin,2019-07-24 08:30:35,umadmin,2019-07-24 08:14:07,Demo_unit_425,37,2019-07-24 16:30:35,APP,,,,1,,0007_0000000425,0003_0000000006
0008_0000000426,,0008_0000000426,umadmin,2019-07-24 08:30:35,umadmin,2019-07-24 08:14:07,Demo_unit_426,37,2019-07-24 16:30:35,APP,,,,1,,0007_0000000426,0003_0000000006
0008_0000000427,,0008_0000000427,umadmin,2019-07-24 08:30:35,umadmin,2019-07-24 08:14:07,Demo_unit_427,37,2019-07-24 16:30:35,APP,,,,1,,0007_0000000427,0003_0000000006
0008_0000000428,,0008_0000000428,umadmin,2019-07-24 08:30:35,umadmin,2019-07-24 08:14:07,Demo_unit_428,37,2019-07-24 16:30:35,APP,,,,1,,0007_0000000428,0003_0000000006
0008_0000000429,,0008_0000000429,umadmin,2019-07-24 08:30:35,umadmin,2019-07-24 08:14:07,Demo_unit_429,37,2019-07-24 16:30:35,APP,,,,1,,0007_0000000429,0003_0000000006
0008_0000000430,,0008_0000000430,umadmin,2019-07-24 08:30:35,umadmin,2019-07-24 08:14:07,Demo_unit_430,37,2019-07-24 16:30:35,APP,,,,1,,0007_0000000430,0003_0000000006
0008_0000000431,,0008_0000000431,umadmin,2019-07-24 08:30:35,umadmin,2019-07-24 08:14:07,Demo_unit_431,37,2019-07-24 16:30:35,APP,,,,1,,0007_0000000431,0003_0000000006
0008_0000000432,,0008_0000000432,umadmin,2019-07-24 08:30:35,umadmin,2019-07-24 08:14:07,Demo_unit_432,37,2019-07-24 16:30:35,APP,,,,1,,0007_0000000432,0003_0000000006
0008_0000000433,,0008_0000000433,umadmin,2019-07-24 08:30:35,umadmin,2019-07-24 08:14:07,Demo_unit_433,37,2019-07-24 16:30:35,APP,,,,1,,0007_0000000433,0003_0000000006
0008_0000000434,,0008_0000000434,umadmin,2019-07-24 08:30:35,umadmin,2019-07-24 08:14:07,Demo_unit_434,37,2019-07-24 16:30:35,APP,,,,1,,0007_0000000434,0003_0000000006
0008_0000000435,,0008_0000000435,umadmin,2019-07-24 08:30:35,umadmin,2019-07-24 08:14:07,Demo_unit_435,37,2019-07-24 16:30:35,APP,,,,1,,0007_0000000435,0003_0000000006
0008_0000000436,,0008_0000000436,umadmin,2019-07-24 08:30:35,umadmin,2019-07-24 08:14:07,Demo_unit_436,37,2019-07-24 16:30:35,APP,,,,1,,0007_0000000436,0003_0000000006
0008_0000000437,,0008_0000000437,umadmin,2019-07-24 08:30:35,umadmin,2019-07-24 08:14:07,Demo_unit_437,37,2019-07-24 16:30:35,APP,,,,1,,0007_0000000437,0003_0000000006
0008_0000000438,,0008_0000000438,umadmin,2019-07-24 08:30:35,umadmin,2019-07-24 08:14:07,Demo_unit_438,37,2019-07-24 16:30:35,APP,,,,1,,0007_0000000438,0003_0000000006
0008_0000000439,,0008_0000000439,umadmin,2019-07-24 08:30:35,umadmin,2019-07-24 08:14:07,Demo_unit_439,37,2019-07-24 16:30:35,APP,,,,1,,0007_0000000439,0003_0000000006
0008_0000000440,,0008_0000000440,umadmin,2019-07-24 08:30:35,umadmin,2019-07-24 08:14:07,Demo_unit_440,37,2019-07-24 16:30:35,APP,,,,1,,0007_0000000440,0003_0000000006
0008_0000000441,,0008_0000000441,umadmin,2019-07-24 08:30:35,umadmin,2019-07-24 08:14:07,Demo_unit_441,37,2019-07-24 16:30:35,APP,,,,1,,0007_0000000441,0003_0000000006
0008_0000000442,,0008_0000000442,umadmin,2019-07-24 08:30:35,umadmin,2019-07-24 08:14:07,Demo_unit_442,37,2019-07-24 16:30:35,APP,,,,1,,0007_0000000442,0003_0000000006
0008_0000000443,,0008_0000000443,umadmin,2019-07-24 08:30:35,umadmin,2019-07-24 08:14:07,Demo_unit_443,37,2019-07-24 16:30:35,APP,,,,1,,0007_0000000443,0003_0000000006
0008_0000000444,,0008_0000000444,umadmin,2019-07-24 08:30:35,umadmin,2019-07-24 08:14:07,Demo_unit_444,37,2019-07-24 16:30:35,APP,,,,1,,0007_0000000444,0003_0000000006
0008_0000000445,,0008_0000000445,umadmin,2019-07-24 08:30:35,umadmin,2019-07-24 08:14:07,Demo_unit_445,37,2019-07-24 16:30:35,APP,,,,1,,0007_0000000445,0003_0000000006
0008_0000000446,,0008_0000000446,umadmin,2019-07-24 08:30:35,umadmin,2019-07-24 08:14:07,Demo_unit_446,37,2019-07-24 16:30:35,APP,,,,1,,0007_0000000446,0003_0000000006
0008_0000000447,,0008_0000000447,umadmin,2019-07-24 08:30:35,umadmin,2019-07-24 08:14:07,Demo_unit_447,37,2019-07-24 16:30:35,APP,,,,1,,0007_0000000447,0003_0000000006
0008_0000000448,,0008_0000000448,umadmin,2019-07-24 08:30:35,umadmin,2019-07-24 08:14:07,Demo_unit_448,37,2019-07-24 16:30:35,APP,,,,1,,0007_0000000448,0003_0000000006
0008_0000000449,,0008_0000000449,umadmin,2019-07-24 08:30:35,umadmin,2019-07-24 08:14:07,Demo_unit_449,37,2019-07-24 16:30:35,APP,,,,1,,0007_0000000449,0003_0000000006
0008_0000000450,,0008_0000000450,umadmin,2019-07-24 08:30:35,umadmin,2019-07-24 08:14:07,Demo_unit_450,37,2019-07-24 16:30:35,APP,,,,1,,0007_0000000450,0003_0000000006
0008_0000000451,,0008_0000000451,umadmin,2019-07-24 08:30:35,umadmin,2019-07-24 08:14:07,Demo_unit_451,37,2019-07-24 16:30:35,APP,,,,1,,0007_0000000451,0003_0000000006
0008_0000000452,,0008_0000000452,umadmin,2019-07-24 08:30:35,umadmin,2019-07-24 08:14:07,Demo_unit_452,37,2019-07-24 16:30:35,APP,,,,1,,0007_0000000452,0003_0000000006
0008_0000000453,,0008_0000000453,umadmin,2019-07-24 08:30:35,umadmin,2019-07-24 08:14:07,Demo_unit_453,37,2019-07-24 16:30:35,APP,,,,1,,0007_0000000453,0003_0000000006
0008_0000000454,,0008_0000000454,umadmin,2019-07-24 08:30:35,umadmin,2019-07-24 08:14:07,Demo_unit_454,37,2019-07-24 16:30:35,APP,,,,1,,0007_0000000454,0003_0000000006
0008_0000000455,,0008_0000000455,umadmin,2019-07-24 08:30:35,umadmin,2019-07-24 08:14:07,Demo_unit_455,37,2019-07-24 16:30:35,APP,,,,1,,0007_0000000455,0003_0000000006
0008_0000000456,,0008_0000000456,umadmin,2019-07-24 08:30:35,umadmin,2019-07-24 08:14:07,Demo_unit_456,37,2019-07-24 16:30:35,APP,,,,1,,0007_0000000456,0003_0000000006
0008_0000000457,,0008_0000000457,umadmin,2019-07-24 08:30:35,umadmin,2019-07-24 08:14:07,Demo_unit_457,37,2019-07-24 16:30:35,APP,,,,1,,0007_0000000457,0003_0000000006
0008_0000000458,,0008_0000000458,umadmin,2019-07-24 08:30:35,umadmin,2019-07-24 08:14:07,Demo_unit_458,37,2019-07-24 16:30:35,APP,,,,1,,0007_0000000458,0003_0000000006
0008_0000000459,,0008_0000000459,umadmin,2019-07-24 08:30:35,umadmin,2019-07-24 08:14:07,Demo_unit_459,37,2019-07-24 16:30:35,APP,,,,1,,0007_0000000459,0003_0000000006
0008_0000000460,,0008_0000000460,umadmin,2019-07-24 08:30:35,umadmin,2019-07-24 08:14:07,Demo_unit_460,37,2019-07-24 16:30:35,APP,,,,1,,0007_0000000460,0003_0000000006
0008_0000000461,,0008_0000000461,umadmin,2019-07-24 08:30:35,umadmin,2019-07-24 08:14:07,Demo_unit_461,37,2019-07-24 16:30:35,APP,,,,1,,0007_0000000461,0003_0000000006
0008_0000000462,,0008_0000000462,umadmin,2019-07-24 08:30:35,umadmin,2019-07-24 08:14:07,Demo_unit_462,37,2019-07-24 16:30:35,APP,,,,1,,0007_0000000462,0003_0000000006
0008_0000000463,,0008_0000000463,umadmin,2019-07-24 08:30:35,umadmin,2019-07-24 08:14:07,Demo_unit_463,37,2019-07-24 16:30:35,APP,,,,1,,0007_0000000463,0003_0000000006
0008_0000000464,,0008_0000000464,umadmin,2019-07-24 08:30:35,umadmin,2019-07-24 08:14:07,Demo_unit_464,37,2019-07-24 16:30:35,APP,,,,1,,0007_0000000464,0003_0000000006
0008_0000000465,,0008_0000000465,umadmin,2019-07-24 08:30:35,umadmin,2019-07-24 08:14:07,Demo_unit_465,37,2019-07-24 16:30:35,APP,,,,1,,0007_0000000465,0003_0000000006
0008_0000000466,,0008_0000000466,umadmin,2019-07-24 08:30:35,umadmin,2019-07-24 08:14:07,Demo_unit_466,37,2019-07-24 16:30:35,APP,,,,1,,0007_0000000466,0003_0000000006
0008_0000000467,,0008_0000000467,umadmin,2019-07-24 08:30:35,umadmin,2019-07-24 08:14:07,Demo_unit_467,37,2019-07-24 16:30:35,APP,,,,1,,0007_0000000467,0003_0000000006
0008_0000000468,,0008_0000000468,umadmin,2019-07-24 08:30:35,umadmin,2019-07-24 08:14:07,Demo_unit_468,37,2019-07-24 16:30:35,APP,,,,1,,0007_0000000468,0003_0000000006
0008_0000000469,,0008_0000000469,umadmin,2019-07-24 08:30:35,umadmin,2019-07-24 08:14:07,Demo_unit_469,37,2019-07-24 16:30:35,APP,,,,1,,0007_0000000469,0003_0000000006
0008_0000000470,,0008_0000000470,umadmin,2019-07-24 08:30:35,umadmin,2019-07-24 08:14:07,Demo_unit_470,37,2019-07-24 16:30:35,APP,,,,1,,0007_0000000470,0003_0000000006
0008_0000000471,,0008_0000000471,umadmin,2019-07-24 08:30:35,umadmin,2019-07-24 08:14:07,Demo_unit_471,37,2019-07-24 16:30:35,APP,,,,1,,0007_0000000471,0003_0000000006
0008_0000000472,,0008_0000000472,umadmin,2019-07-24 08:30:35,umadmin,2019-07-24 08:14:07,Demo_unit_472,37,2019-07-24 16:30:35,APP,,,,1,,0007_0000000472,0003_0000000006
0008_0000000473,,0008_0000000473,umadmin,2019-07-24 08:30:35,umadmin,2019-07-24 08:14:07,Demo_unit_473,37,2019-07-24 16:30:35,APP,,,,1,,0007_0000000473,0003_0000000006
0008_0000000474,,0008_0000000474,umadmin,2019-07-24 08:30:35,umadmin,2019-07-24 08:14:07,Demo_unit_474,37,2019-07-24 16:30:35,APP,,,,1,,0007_0000000474,0003_0000000006
0008_0000000475,,0008_0000000475,umadmin,2019-07-24 08:30:35,umadmin,2019-07-24 08:14:07,Demo_unit_475,37,2019-07-24 16:30:35,APP,,,,1,,0007_0000000475,0003_0000000006
0008_0000000476,,0008_0000000476,umadmin,2019-07-24 08:30:35,umadmin,2019-07-24 08:14:07,Demo_unit_476,37,2019-07-24 16:30:35,APP,,,,1,,0007_0000000476,0003_0000000006
0008_0000000477,,0008_0000000477,umadmin,2019-07-24 08:30:35,umadmin,2019-07-24 08:14:07,Demo_unit_477,37,2019-07-24 16:30:35,APP,,,,1,,0007_0000000477,0003_0000000006
0008_0000000478,,0008_0000000478,umadmin,2019-07-24 08:30:35,umadmin,2019-07-24 08:14:07,Demo_unit_478,37,2019-07-24 16:30:35,APP,,,,1,,0007_0000000478,0003_0000000006
0008_0000000479,,0008_0000000479,umadmin,2019-07-24 08:30:35,umadmin,2019-07-24 08:14:07,Demo_unit_479,37,2019-07-24 16:30:35,APP,,,,1,,0007_0000000479,0003_0000000006
0008_0000000480,,0008_0000000480,umadmin,2019-07-24 08:30:35,umadmin,2019-07-24 08:14:07,Demo_unit_480,37,2019-07-24 16:30:35,APP,,,,1,,0007_0000000480,0003_0000000006
0008_0000000481,,0008_0000000481,umadmin,2019-07-24 08:30:35,umadmin,2019-07-24 08:14:07,Demo_unit_481,37,2019-07-24 16:30:35,APP,,,,1,,0007_0000000481,0003_0000000006
0008_0000000482,,0008_0000000482,umadmin,2019-07-24 08:30:35,umadmin,2019-07-24 08:14:07,Demo_unit_482,37,2019-07-24 16:30:35,APP,,,,1,,0007_0000000482,0003_0000000006
0008_0000000483,,0008_0000000483,umadmin,2019-07-24 08:30:35,umadmin,2019-07-24 08:14:07,Demo_unit_483,37,2019-07-24 16:30:35,APP,,,,1,,0007_0000000483,0003_0000000006
0008_0000000484,,0008_0000000484,umadmin,2019-07-24 08:30:35,umadmin,2019-07-24 08:14:07,Demo_unit_484,37,2019-07-24 16:30:35,APP,,,,1,,0007_0000000484,0003_0000000006
0008_0000000485,,0008_0000000485,umadmin,2019-07-24 08:30:35,umadmin,2019-07-24 08:14:07,Demo_unit_485,37,2019-07-24 16:30:35,APP,,,,1,,0007_0000000485,0003_0000000006
0008_0000000486,,0008_0000000486,umadmin,2019-07-24 08:30:35,umadmin,2019-07-24 08:14:07,Demo_unit_486,37,2019-07-24 16:30:35,APP,,,,1,,0007_0000000486,0003_0000000006
0008_0000000487,,0008_0000000487,umadmin,2019-07-24 08:30:35,umadmin,2019-07-24 08:14:07,Demo_unit_487,37,2019-07-24 16:30:35,APP,,,,1,,0007_0000000487,0003_0000000006
0008_0000000488,,0008_0000000488,umadmin,2019-07-24 08:30:35,umadmin,2019-07-24 08:14:07,Demo_unit_488,37,2019-07-24 16:30:35,APP,,,,1,,0007_0000000488,0003_0000000006
0008_0000000489,,0008_0000000489,umadmin,2019-07-24 08:30:35,umadmin,2019-07-24 08:14:07,Demo_unit_489,37,2019-07-24 16:30:35,APP,,,,1,,0007_0000000489,0003_0000000006
0008_0000000490,,0008_0000000490,umadmin,2019-07-24 08:30:35,umadmin,2019-07-24 08:14:07,Demo_unit_490,37,2019-07-24 16:30:35,APP,,,,1,,0007_0000000490,0003_0000000006
0008_0000000491,,0008_0000000491,umadmin,2019-07-24 08:30:35,umadmin,2019-07-24 08:14:07,Demo_unit_491,37,2019-07-24 16:30:35,APP,,,,1,,0007_0000000491,0003_0000000006
0008_0000000492,,0008_0000000492,umadmin,2019-07-24 08:30:35,umadmin,2019-07-24 08:14:07,Demo_unit_492,37,2019-07-24 16:30:35,APP,,,,1,,0007_0000000492,0003_0000000006
0008_0000000493,,0008_0000000493,umadmin,2019-07-24 08:30:35,umadmin,2019-07-24 08:14:07,Demo_unit_493,37,2019-07-24 16:30:35,APP,,,,1,,0007_0000000493,0003_0000000006
0008_0000000494,,0008_0000000494,umadmin,2019-07-24 08:30:35,umadmin,2019-07-24 08:14:07,Demo_unit_494,37,2019-07-24 16:30:35,APP,,,,1,,0007_0000000494,0003_0000000006
0008_0000000495,,0008_0000000495,umadmin,2019-07-24 08:30:35,umadmin,2019-07-24 08:14:07,Demo_unit_495,37,2019-07-24 16:30:35,APP,,,,1,,0007_0000000495,0003_0000000006
0008_0000000496,,0008_0000000496,umadmin,2019-07-24 08:30:35,umadmin,2019-07-24 08:14:07,Demo_unit_496,37,2019-07-24 16:30:35,APP,,,,1,,0007_0000000496,0003_0000000006
0008_0000000497,,0008_0000000497,umadmin,2019-07-24 08:30:35,umadmin,2019-07-24 08:14:07,Demo_unit_497,37,2019-07-24 16:30:35,APP,,,,1,,0007_0000000497,0003_0000000006
0008_0000000498,,0008_0000000498,umadmin,2019-07-24 08:30:35,umadmin,2019-07-24 08:14:07,Demo_unit_498,37,2019-07-24 16:30:35,APP,,,,1,,0007_0000000498,0003_0000000006
0008_0000000499,,0008_0000000499,umadmin,2019-07-24 08:30:35,umadmin,2019-07-24 08:14:07,Demo_unit_499,37,2019-07-24 16:30:35,APP,,,,1,,0007_0000000499,0003_0000000006
0008_0000000500,,0008_0000000500,umadmin,2019-07-24 08:30:35,umadmin,2019-07-24 08:14:07,Demo_unit_500,37,2019-07-24 16:30:35,APP,,,,1,,0007_0000000500,0003_0000000006
