0007_0000000001,,0007_0000000001,umadmin,2019-07-24 08:30:17,umadmin,2019-07-24 06:40:03,Demo_subsys_1,37,2019-07-24 16:30:17,Demo_subsys_1,ECIF-CORE PRD,,,111,test,0002_0000000001
0007_0000000002,,0007_0000000002,umadmin,2019-07-24 08:30:17,umadmin,2019-07-24 06:40:03,Demo_subsys_2,37,2019-07-24 16:30:17,Demo_subsys_2,ECIF-CORE PRD,,,111,test,0002_0000000001
0007_0000000003,,0007_0000000003,umadmin,2019-07-24 08:30:17,umadmin,2019-07-24 06:40:03,Demo_subsys_3,37,2019-07-24 16:30:17,Demo_subsys_3,ECIF-CORE PRD,,,111,test,0002_0000000001
0007_0000000004,,0007_0000000004,umadmin,2019-07-24 08:30:17,umadmin,2019-07-24 06:40:03,Demo_subsys_4,37,2019-07-24 16:30:17,Demo_subsys_4,ECIF-CORE PRD,,,111,test,0002_0000000001
0007_0000000005,,0007_0000000005,umadmin,2019-07-24 08:30:17,umadmin,2019-07-24 06:40:03,Demo_subsys_5,37,2019-07-24 16:30:17,Demo_subsys_5,ECIF-CORE PRD,,,111,test,0002_0000000001
0007_0000000006,,0007_0000000006,umadmin,2019-07-24 08:30:17,umadmin,2019-07-24 06:40:03,Demo_subsys_6,37,2019-07-24 16:30:17,Demo_subsys_6,ECIF-CORE PRD,,,111,test,0002_0000000002
0007_0000000007,,0007_0000000007,umadmin,2019-07-24 08:30:17,umadmin,2019-07-24 06:40:03,Demo_subsys_7,37,2019-07-24 16:30:17,Demo_subsys_7,ECIF-CORE PRD,,,111,test,0002_0000000002
0007_0000000008,,0007_0000000008,umadmin,2019-07-24 08:30:17,umadmin,2019-07-24 06:40:03,Demo_subsys_8,37,2019-07-24 16:30:17,Demo_subsys_8,ECIF-CORE PRD,,,111,test,0002_0000000002
0007_0000000009,,0007_0000000009,umadmin,2019-07-24 08:30:17,umadmin,2019-07-24 06:40:03,Demo_subsys_9,37,2019-07-24 16:30:17,Demo_subsys_9,ECIF-CORE PRD,,,111,test,0002_0000000002
0007_0000000010,,0007_0000000010,umadmin,2019-07-24 08:30:17,umadmin,2019-07-24 06:40:03,Demo_subsys_10,37,2019-07-24 16:30:17,Demo_subsys_10,ECIF-CORE PRD,,,111,test,0002_0000000002
0007_0000000011,,0007_0000000011,umadmin,2019-07-24 08:30:17,umadmin,2019-07-24 06:40:03,Demo_subsys_11,37,2019-07-24 16:30:17,Demo_subsys_11,ECIF-CORE PRD,,,111,test,0002_0000000003
0007_0000000012,,0007_0000000012,umadmin,2019-07-24 08:30:17,umadmin,2019-07-24 06:40:03,Demo_subsys_12,37,2019-07-24 16:30:17,Demo_subsys_12,ECIF-CORE PRD,,,111,test,0002_0000000003
0007_0000000013,,0007_0000000013,umadmin,2019-07-24 08:30:17,umadmin,2019-07-24 06:40:03,Demo_subsys_13,37,2019-07-24 16:30:17,Demo_subsys_13,ECIF-CORE PRD,,,111,test,0002_0000000003
0007_0000000014,,0007_0000000014,umadmin,2019-07-24 08:30:17,umadmin,2019-07-24 06:40:03,Demo_subsys_14,37,2019-07-24 16:30:17,Demo_subsys_14,ECIF-CORE PRD,,,111,test,0002_0000000003
0007_0000000015,,0007_0000000015,umadmin,2019-07-24 08:30:17,umadmin,2019-07-24 06:40:03,Demo_subsys_15,37,2019-07-24 16:30:17,Demo_subsys_15,ECIF-CORE PRD,,,111,test,0002_0000000003
0007_0000000016,,0007_0000000016,umadmin,2019-07-24 08:30:17,umadmin,2019-07-24 06:40:03,Demo_subsys_16,37,2019-07-24 16:30:17,Demo_subsys_16,ECIF-CORE PRD,,,111,test,0002_0000000004
0007_0000000017,,0007_0000000017,umadmin,2019-07-24 08:30:17,umadmin,2019-07-24 06:40:03,Demo_subsys_17,37,2019-07-24 16:30:17,Demo_subsys_17,ECIF-CORE PRD,,,111,test,0002_0000000004
0007_0000000018,,0007_0000000018,umadmin,2019-07-24 08:30:17,umadmin,2019-07-24 06:40:03,Demo_subsys_18,37,2019-07-24 16:30:17,Demo_subsys_18,ECIF-CORE PRD,,,111,test,0002_0000000004
0007_0000000019,,0007_0000000019,umadmin,2019-07-24 08:30:17,umadmin,2019-07-24 06:40:03,Demo_subsys_19,37,2019-07-24 16:30:17,Demo_subsys_19,ECIF-CORE PRD,,,111,test,0002_0000000004
0007_0000000020,,0007_0000000020,umadmin,2019-07-24 08:30:17,umadmin,2019-07-24 06:40:03,Demo_subsys_20,37,2019-07-24 16:30:17,Demo_subsys_20,ECIF-CORE PRD,,,111,test,0002_0000000004
0007_0000000021,,0007_0000000021,umadmin,2019-07-24 08:30:17,umadmin,2019-07-24 06:40:03,Demo_subsys_21,37,2019-07-24 16:30:17,Demo_subsys_21,ECIF-CORE PRD,,,111,test,0002_0000000005
0007_0000000022,,0007_0000000022,umadmin,2019-07-24 08:30:17,umadmin,2019-07-24 06:40:03,Demo_subsys_22,37,2019-07-24 16:30:17,Demo_subsys_22,ECIF-CORE PRD,,,111,test,0002_0000000005
0007_0000000023,,0007_0000000023,umadmin,2019-07-24 08:30:17,umadmin,2019-07-24 06:40:03,Demo_subsys_23,37,2019-07-24 16:30:17,Demo_subsys_23,ECIF-CORE PRD,,,111,test,0002_0000000005
0007_0000000024,,0007_0000000024,umadmin,2019-07-24 08:30:17,umadmin,2019-07-24 06:40:03,Demo_subsys_24,37,2019-07-24 16:30:17,Demo_subsys_24,ECIF-CORE PRD,,,111,test,0002_0000000005
0007_0000000025,,0007_0000000025,umadmin,2019-07-24 08:30:17,umadmin,2019-07-24 06:40:03,Demo_subsys_25,37,2019-07-24 16:30:17,Demo_subsys_25,ECIF-CORE PRD,,,111,test,0002_0000000005
0007_0000000026,,0007_0000000026,umadmin,2019-07-24 08:30:17,umadmin,2019-07-24 06:40:03,Demo_subsys_26,37,2019-07-24 16:30:17,Demo_subsys_26,ECIF-CORE PRD,,,111,test,0002_0000000006
0007_0000000027,,0007_0000000027,umadmin,2019-07-24 08:30:17,umadmin,2019-07-24 06:40:03,Demo_subsys_27,37,2019-07-24 16:30:17,Demo_subsys_27,ECIF-CORE PRD,,,111,test,0002_0000000006
0007_0000000028,,0007_0000000028,umadmin,2019-07-24 08:30:17,umadmin,2019-07-24 06:40:03,Demo_subsys_28,37,2019-07-24 16:30:17,Demo_subsys_28,ECIF-CORE PRD,,,111,test,0002_0000000006
0007_0000000029,,0007_0000000029,umadmin,2019-07-24 08:30:17,umadmin,2019-07-24 06:40:03,Demo_subsys_29,37,2019-07-24 16:30:17,Demo_subsys_29,ECIF-CORE PRD,,,111,test,0002_0000000006
0007_0000000030,,0007_0000000030,umadmin,2019-07-24 08:30:17,umadmin,2019-07-24 06:40:03,Demo_subsys_30,37,2019-07-24 16:30:17,Demo_subsys_30,ECIF-CORE PRD,,,111,test,0002_0000000006
0007_0000000031,,0007_0000000031,umadmin,2019-07-24 08:30:17,umadmin,2019-07-24 06:40:03,Demo_subsys_31,37,2019-07-24 16:30:17,Demo_subsys_31,ECIF-CORE PRD,,,111,test,0002_0000000007
0007_0000000032,,0007_0000000032,umadmin,2019-07-24 08:30:17,umadmin,2019-07-24 06:40:03,Demo_subsys_32,37,2019-07-24 16:30:17,Demo_subsys_32,ECIF-CORE PRD,,,111,test,0002_0000000007
0007_0000000033,,0007_0000000033,umadmin,2019-07-24 08:30:17,umadmin,2019-07-24 06:40:03,Demo_subsys_33,37,2019-07-24 16:30:17,Demo_subsys_33,ECIF-CORE PRD,,,111,test,0002_0000000007
0007_0000000034,,0007_0000000034,umadmin,2019-07-24 08:30:17,umadmin,2019-07-24 06:40:03,Demo_subsys_34,37,2019-07-24 16:30:17,Demo_subsys_34,ECIF-CORE PRD,,,111,test,0002_0000000007
0007_0000000035,,0007_0000000035,umadmin,2019-07-24 08:30:17,umadmin,2019-07-24 06:40:03,Demo_subsys_35,37,2019-07-24 16:30:17,Demo_subsys_35,ECIF-CORE PRD,,,111,test,0002_0000000007
0007_0000000036,,0007_0000000036,umadmin,2019-07-24 08:30:17,umadmin,2019-07-24 06:40:03,Demo_subsys_36,37,2019-07-24 16:30:17,Demo_subsys_36,ECIF-CORE PRD,,,111,test,0002_0000000008
0007_0000000037,,0007_0000000037,umadmin,2019-07-24 08:30:17,umadmin,2019-07-24 06:40:03,Demo_subsys_37,37,2019-07-24 16:30:17,Demo_subsys_37,ECIF-CORE PRD,,,111,test,0002_0000000008
0007_0000000038,,0007_0000000038,umadmin,2019-07-24 08:30:17,umadmin,2019-07-24 06:40:03,Demo_subsys_38,37,2019-07-24 16:30:17,Demo_subsys_38,ECIF-CORE PRD,,,111,test,0002_0000000008
0007_0000000039,,0007_0000000039,umadmin,2019-07-24 08:30:17,umadmin,2019-07-24 06:40:03,Demo_subsys_39,37,2019-07-24 16:30:17,Demo_subsys_39,ECIF-CORE PRD,,,111,test,0002_0000000008
0007_0000000040,,0007_0000000040,umadmin,2019-07-24 08:30:17,umadmin,2019-07-24 06:40:03,Demo_subsys_40,37,2019-07-24 16:30:17,Demo_subsys_40,ECIF-CORE PRD,,,111,test,0002_0000000008
0007_0000000041,,0007_0000000041,umadmin,2019-07-24 08:30:17,umadmin,2019-07-24 06:40:03,Demo_subsys_41,37,2019-07-24 16:30:17,Demo_subsys_41,ECIF-CORE PRD,,,111,test,0002_0000000009
0007_0000000042,,0007_0000000042,umadmin,2019-07-24 08:30:17,umadmin,2019-07-24 06:40:03,Demo_subsys_42,37,2019-07-24 16:30:17,Demo_subsys_42,ECIF-CORE PRD,,,111,test,0002_0000000009
0007_0000000043,,0007_0000000043,umadmin,2019-07-24 08:30:17,umadmin,2019-07-24 06:40:03,Demo_subsys_43,37,2019-07-24 16:30:17,Demo_subsys_43,ECIF-CORE PRD,,,111,test,0002_0000000009
0007_0000000044,,0007_0000000044,umadmin,2019-07-24 08:30:17,umadmin,2019-07-24 06:40:03,Demo_subsys_44,37,2019-07-24 16:30:17,Demo_subsys_44,ECIF-CORE PRD,,,111,test,0002_0000000009
0007_0000000045,,0007_0000000045,umadmin,2019-07-24 08:30:17,umadmin,2019-07-24 06:40:03,Demo_subsys_45,37,2019-07-24 16:30:17,Demo_subsys_45,ECIF-CORE PRD,,,111,test,0002_0000000009
0007_0000000046,,0007_0000000046,umadmin,2019-07-24 08:30:17,umadmin,2019-07-24 06:40:03,Demo_subsys_46,37,2019-07-24 16:30:17,Demo_subsys_46,ECIF-CORE PRD,,,111,test,0002_0000000010
0007_0000000047,,0007_0000000047,umadmin,2019-07-24 08:30:17,umadmin,2019-07-24 06:40:03,Demo_subsys_47,37,2019-07-24 16:30:17,Demo_subsys_47,ECIF-CORE PRD,,,111,test,0002_0000000010
0007_0000000048,,0007_0000000048,umadmin,2019-07-24 08:30:17,umadmin,2019-07-24 06:40:03,Demo_subsys_48,37,2019-07-24 16:30:17,Demo_subsys_48,ECIF-CORE PRD,,,111,test,0002_0000000010
0007_0000000049,,0007_0000000049,umadmin,2019-07-24 08:30:17,umadmin,2019-07-24 06:40:03,Demo_subsys_49,37,2019-07-24 16:30:17,Demo_subsys_49,ECIF-CORE PRD,,,111,test,0002_0000000010
0007_0000000050,,0007_0000000050,umadmin,2019-07-24 08:30:17,umadmin,2019-07-24 06:40:03,Demo_subsys_50,37,2019-07-24 16:30:17,Demo_subsys_50,ECIF-CORE PRD,,,111,test,0002_0000000010
0007_0000000051,,0007_0000000051,umadmin,2019-07-24 08:30:17,umadmin,2019-07-24 06:40:03,Demo_subsys_51,37,2019-07-24 16:30:17,Demo_subsys_51,ECIF-CORE PRD,,,111,test,0002_0000000011
0007_0000000052,,0007_0000000052,umadmin,2019-07-24 08:30:17,umadmin,2019-07-24 06:40:03,Demo_subsys_52,37,2019-07-24 16:30:17,Demo_subsys_52,ECIF-CORE PRD,,,111,test,0002_0000000011
0007_0000000053,,0007_0000000053,umadmin,2019-07-24 08:30:17,umadmin,2019-07-24 06:40:03,Demo_subsys_53,37,2019-07-24 16:30:17,Demo_subsys_53,ECIF-CORE PRD,,,111,test,0002_0000000011
0007_0000000054,,0007_0000000054,umadmin,2019-07-24 08:30:17,umadmin,2019-07-24 06:40:03,Demo_subsys_54,37,2019-07-24 16:30:17,Demo_subsys_54,ECIF-CORE PRD,,,111,test,0002_0000000011
0007_0000000055,,0007_0000000055,umadmin,2019-07-24 08:30:17,umadmin,2019-07-24 06:40:03,Demo_subsys_55,37,2019-07-24 16:30:17,Demo_subsys_55,ECIF-CORE PRD,,,111,test,0002_0000000011
0007_0000000056,,0007_0000000056,umadmin,2019-07-24 08:30:17,umadmin,2019-07-24 06:40:03,Demo_subsys_56,37,2019-07-24 16:30:17,Demo_subsys_56,ECIF-CORE PRD,,,111,test,0002_0000000012
0007_0000000057,,0007_0000000057,umadmin,2019-07-24 08:30:17,umadmin,2019-07-24 06:40:03,Demo_subsys_57,37,2019-07-24 16:30:17,Demo_subsys_57,ECIF-CORE PRD,,,111,test,0002_0000000012
0007_0000000058,,0007_0000000058,umadmin,2019-07-24 08:30:17,umadmin,2019-07-24 06:40:03,Demo_subsys_58,37,2019-07-24 16:30:17,Demo_subsys_58,ECIF-CORE PRD,,,111,test,0002_0000000012
0007_0000000059,,0007_0000000059,umadmin,2019-07-24 08:30:17,umadmin,2019-07-24 06:40:03,Demo_subsys_59,37,2019-07-24 16:30:17,Demo_subsys_59,ECIF-CORE PRD,,,111,test,0002_0000000012
0007_0000000060,,0007_0000000060,umadmin,2019-07-24 08:30:17,umadmin,2019-07-24 06:40:03,Demo_subsys_60,37,2019-07-24 16:30:17,Demo_subsys_60,ECIF-CORE PRD,,,111,test,0002_0000000012
0007_0000000061,,0007_0000000061,umadmin,2019-07-24 08:30:17,umadmin,2019-07-24 06:40:03,Demo_subsys_61,37,2019-07-24 16:30:17,Demo_subsys_61,ECIF-CORE PRD,,,111,test,0002_0000000013
0007_0000000062,,0007_0000000062,umadmin,2019-07-24 08:30:17,umadmin,2019-07-24 06:40:03,Demo_subsys_62,37,2019-07-24 16:30:17,Demo_subsys_62,ECIF-CORE PRD,,,111,test,0002_0000000013
0007_0000000063,,0007_0000000063,umadmin,2019-07-24 08:30:17,umadmin,2019-07-24 06:40:03,Demo_subsys_63,37,2019-07-24 16:30:17,Demo_subsys_63,ECIF-CORE PRD,,,111,test,0002_0000000013
0007_0000000064,,0007_0000000064,umadmin,2019-07-24 08:30:17,umadmin,2019-07-24 06:40:03,Demo_subsys_64,37,2019-07-24 16:30:17,Demo_subsys_64,ECIF-CORE PRD,,,111,test,0002_0000000013
0007_0000000065,,0007_0000000065,umadmin,2019-07-24 08:30:17,umadmin,2019-07-24 06:40:03,Demo_subsys_65,37,2019-07-24 16:30:17,Demo_subsys_65,ECIF-CORE PRD,,,111,test,0002_0000000013
0007_0000000066,,0007_0000000066,umadmin,2019-07-24 08:30:17,umadmin,2019-07-24 06:40:03,Demo_subsys_66,37,2019-07-24 16:30:17,Demo_subsys_66,ECIF-CORE PRD,,,111,test,0002_0000000014
0007_0000000067,,0007_0000000067,umadmin,2019-07-24 08:30:17,umadmin,2019-07-24 06:40:03,Demo_subsys_67,37,2019-07-24 16:30:17,Demo_subsys_67,ECIF-CORE PRD,,,111,test,0002_0000000014
0007_0000000068,,0007_0000000068,umadmin,2019-07-24 08:30:17,umadmin,2019-07-24 06:40:03,Demo_subsys_68,37,2019-07-24 16:30:17,Demo_subsys_68,ECIF-CORE PRD,,,111,test,0002_0000000014
0007_0000000069,,0007_0000000069,umadmin,2019-07-24 08:30:17,umadmin,2019-07-24 06:40:03,Demo_subsys_69,37,2019-07-24 16:30:17,Demo_subsys_69,ECIF-CORE PRD,,,111,test,0002_0000000014
0007_0000000070,,0007_0000000070,umadmin,2019-07-24 08:30:17,umadmin,2019-07-24 06:40:03,Demo_subsys_70,37,2019-07-24 16:30:17,Demo_subsys_70,ECIF-CORE PRD,,,111,test,0002_0000000014
0007_0000000071,,0007_0000000071,umadmin,2019-07-24 08:30:17,umadmin,2019-07-24 06:40:03,Demo_subsys_71,37,2019-07-24 16:30:17,Demo_subsys_71,ECIF-CORE PRD,,,111,test,0002_0000000015
0007_0000000072,,0007_0000000072,umadmin,2019-07-24 08:30:17,umadmin,2019-07-24 06:40:03,Demo_subsys_72,37,2019-07-24 16:30:17,Demo_subsys_72,ECIF-CORE PRD,,,111,test,0002_0000000015
0007_0000000073,,0007_0000000073,umadmin,2019-07-24 08:30:17,umadmin,2019-07-24 06:40:03,Demo_subsys_73,37,2019-07-24 16:30:17,Demo_subsys_73,ECIF-CORE PRD,,,111,test,0002_0000000015
0007_0000000074,,0007_0000000074,umadmin,2019-07-24 08:30:17,umadmin,2019-07-24 06:40:03,Demo_subsys_74,37,2019-07-24 16:30:17,Demo_subsys_74,ECIF-CORE PRD,,,111,test,0002_0000000015
0007_0000000075,,0007_0000000075,umadmin,2019-07-24 08:30:17,umadmin,2019-07-24 06:40:03,Demo_subsys_75,37,2019-07-24 16:30:17,Demo_subsys_75,ECIF-CORE PRD,,,111,test,0002_0000000015
0007_0000000076,,0007_0000000076,umadmin,2019-07-24 08:30:17,umadmin,2019-07-24 06:40:03,Demo_subsys_76,37,2019-07-24 16:30:17,Demo_subsys_76,ECIF-CORE PRD,,,111,test,0002_0000000016
0007_0000000077,,0007_0000000077,umadmin,2019-07-24 08:30:17,umadmin,2019-07-24 06:40:03,Demo_subsys_77,37,2019-07-24 16:30:17,Demo_subsys_77,ECIF-CORE PRD,,,111,test,0002_0000000016
0007_0000000078,,0007_0000000078,umadmin,2019-07-24 08:30:17,umadmin,2019-07-24 06:40:03,Demo_subsys_78,37,2019-07-24 16:30:17,Demo_subsys_78,ECIF-CORE PRD,,,111,test,0002_0000000016
0007_0000000079,,0007_0000000079,umadmin,2019-07-24 08:30:17,umadmin,2019-07-24 06:40:03,Demo_subsys_79,37,2019-07-24 16:30:17,Demo_subsys_79,ECIF-CORE PRD,,,111,test,0002_0000000016
0007_0000000080,,0007_0000000080,umadmin,2019-07-24 08:30:17,umadmin,2019-07-24 06:40:03,Demo_subsys_80,37,2019-07-24 16:30:17,Demo_subsys_80,ECIF-CORE PRD,,,111,test,0002_0000000016
0007_0000000081,,0007_0000000081,umadmin,2019-07-24 08:30:17,umadmin,2019-07-24 06:40:03,Demo_subsys_81,37,2019-07-24 16:30:17,Demo_subsys_81,ECIF-CORE PRD,,,111,test,0002_0000000017
0007_0000000082,,0007_0000000082,umadmin,2019-07-24 08:30:17,umadmin,2019-07-24 06:40:03,Demo_subsys_82,37,2019-07-24 16:30:17,Demo_subsys_82,ECIF-CORE PRD,,,111,test,0002_0000000017
0007_0000000083,,0007_0000000083,umadmin,2019-07-24 08:30:17,umadmin,2019-07-24 06:40:03,Demo_subsys_83,37,2019-07-24 16:30:17,Demo_subsys_83,ECIF-CORE PRD,,,111,test,0002_0000000017
0007_0000000084,,0007_0000000084,umadmin,2019-07-24 08:30:17,umadmin,2019-07-24 06:40:03,Demo_subsys_84,37,2019-07-24 16:30:17,Demo_subsys_84,ECIF-CORE PRD,,,111,test,0002_0000000017
0007_0000000085,,0007_0000000085,umadmin,2019-07-24 08:30:17,umadmin,2019-07-24 06:40:03,Demo_subsys_85,37,2019-07-24 16:30:17,Demo_subsys_85,ECIF-CORE PRD,,,111,test,0002_0000000017
0007_0000000086,,0007_0000000086,umadmin,2019-07-24 08:30:17,umadmin,2019-07-24 06:40:03,Demo_subsys_86,37,2019-07-24 16:30:17,Demo_subsys_86,ECIF-CORE PRD,,,111,test,0002_0000000018
0007_0000000087,,0007_0000000087,umadmin,2019-07-24 08:30:17,umadmin,2019-07-24 06:40:03,Demo_subsys_87,37,2019-07-24 16:30:17,Demo_subsys_87,ECIF-CORE PRD,,,111,test,0002_0000000018
0007_0000000088,,0007_0000000088,umadmin,2019-07-24 08:30:17,umadmin,2019-07-24 06:40:03,Demo_subsys_88,37,2019-07-24 16:30:17,Demo_subsys_88,ECIF-CORE PRD,,,111,test,0002_0000000018
0007_0000000089,,0007_0000000089,umadmin,2019-07-24 08:30:17,umadmin,2019-07-24 06:40:03,Demo_subsys_89,37,2019-07-24 16:30:17,Demo_subsys_89,ECIF-CORE PRD,,,111,test,0002_0000000018
0007_0000000090,,0007_0000000090,umadmin,2019-07-24 08:30:17,umadmin,2019-07-24 06:40:03,Demo_subsys_90,37,2019-07-24 16:30:17,Demo_subsys_90,ECIF-CORE PRD,,,111,test,0002_0000000018
0007_0000000091,,0007_0000000091,umadmin,2019-07-24 08:30:17,umadmin,2019-07-24 06:40:03,Demo_subsys_91,37,2019-07-24 16:30:17,Demo_subsys_91,ECIF-CORE PRD,,,111,test,0002_0000000019
0007_0000000092,,0007_0000000092,umadmin,2019-07-24 08:30:17,umadmin,2019-07-24 06:40:03,Demo_subsys_92,37,2019-07-24 16:30:17,Demo_subsys_92,ECIF-CORE PRD,,,111,test,0002_0000000019
0007_0000000093,,0007_0000000093,umadmin,2019-07-24 08:30:17,umadmin,2019-07-24 06:40:03,Demo_subsys_93,37,2019-07-24 16:30:17,Demo_subsys_93,ECIF-CORE PRD,,,111,test,0002_0000000019
0007_0000000094,,0007_0000000094,umadmin,2019-07-24 08:30:17,umadmin,2019-07-24 06:40:03,Demo_subsys_94,37,2019-07-24 16:30:17,Demo_subsys_94,ECIF-CORE PRD,,,111,test,0002_0000000019
0007_0000000095,,0007_0000000095,umadmin,2019-07-24 08:30:17,umadmin,2019-07-24 06:40:03,Demo_subsys_95,37,2019-07-24 16:30:17,Demo_subsys_95,ECIF-CORE PRD,,,111,test,0002_0000000019
0007_0000000096,,0007_0000000096,umadmin,2019-07-24 08:30:17,umadmin,2019-07-24 06:40:03,Demo_subsys_96,37,2019-07-24 16:30:17,Demo_subsys_96,ECIF-CORE PRD,,,111,test,0002_0000000020
0007_0000000097,,0007_0000000097,umadmin,2019-07-24 08:30:17,umadmin,2019-07-24 06:40:03,Demo_subsys_97,37,2019-07-24 16:30:17,Demo_subsys_97,ECIF-CORE PRD,,,111,test,0002_0000000020
0007_0000000098,,0007_0000000098,umadmin,2019-07-24 08:30:17,umadmin,2019-07-24 06:40:03,Demo_subsys_98,37,2019-07-24 16:30:17,Demo_subsys_98,ECIF-CORE PRD,,,111,test,0002_0000000020
0007_0000000099,,0007_0000000099,umadmin,2019-07-24 08:30:17,umadmin,2019-07-24 06:40:03,Demo_subsys_99,37,2019-07-24 16:30:17,Demo_subsys_99,ECIF-CORE PRD,,,111,test,0002_0000000020
0007_0000000100,,0007_0000000100,umadmin,2019-07-24 08:30:17,umadmin,2019-07-24 06:40:03,Demo_subsys_100,37,2019-07-24 16:30:17,Demo_subsys_100,ECIF-CORE PRD,,,111,test,0002_0000000020
0007_0000000101,,0007_0000000101,umadmin,2019-07-24 08:30:17,umadmin,2019-07-24 06:40:03,Demo_subsys_101,37,2019-07-24 16:30:17,Demo_subsys_101,ECIF-CORE PRD,,,111,test,0002_0000000021
0007_0000000102,,0007_0000000102,umadmin,2019-07-24 08:30:17,umadmin,2019-07-24 06:40:03,Demo_subsys_102,37,2019-07-24 16:30:17,Demo_subsys_102,ECIF-CORE PRD,,,111,test,0002_0000000021
0007_0000000103,,0007_0000000103,umadmin,2019-07-24 08:30:17,umadmin,2019-07-24 06:40:03,Demo_subsys_103,37,2019-07-24 16:30:17,Demo_subsys_103,ECIF-CORE PRD,,,111,test,0002_0000000021
0007_0000000104,,0007_0000000104,umadmin,2019-07-24 08:30:17,umadmin,2019-07-24 06:40:03,Demo_subsys_104,37,2019-07-24 16:30:17,Demo_subsys_104,ECIF-CORE PRD,,,111,test,0002_0000000021
0007_0000000105,,0007_0000000105,umadmin,2019-07-24 08:30:17,umadmin,2019-07-24 06:40:03,Demo_subsys_105,37,2019-07-24 16:30:17,Demo_subsys_105,ECIF-CORE PRD,,,111,test,0002_0000000021
0007_0000000106,,0007_0000000106,umadmin,2019-07-24 08:30:17,umadmin,2019-07-24 06:40:03,Demo_subsys_106,37,2019-07-24 16:30:17,Demo_subsys_106,ECIF-CORE PRD,,,111,test,0002_0000000022
0007_0000000107,,0007_0000000107,umadmin,2019-07-24 08:30:17,umadmin,2019-07-24 06:40:03,Demo_subsys_107,37,2019-07-24 16:30:17,Demo_subsys_107,ECIF-CORE PRD,,,111,test,0002_0000000022
0007_0000000108,,0007_0000000108,umadmin,2019-07-24 08:30:17,umadmin,2019-07-24 06:40:03,Demo_subsys_108,37,2019-07-24 16:30:17,Demo_subsys_108,ECIF-CORE PRD,,,111,test,0002_0000000022
0007_0000000109,,0007_0000000109,umadmin,2019-07-24 08:30:17,umadmin,2019-07-24 06:40:03,Demo_subsys_109,37,2019-07-24 16:30:17,Demo_subsys_109,ECIF-CORE PRD,,,111,test,0002_0000000022
0007_0000000110,,0007_0000000110,umadmin,2019-07-24 08:30:17,umadmin,2019-07-24 06:40:03,Demo_subsys_110,37,2019-07-24 16:30:17,Demo_subsys_110,ECIF-CORE PRD,,,111,test,0002_0000000022
0007_0000000111,,0007_0000000111,umadmin,2019-07-24 08:30:17,umadmin,2019-07-24 06:40:03,Demo_subsys_111,37,2019-07-24 16:30:17,Demo_subsys_111,ECIF-CORE PRD,,,111,test,0002_0000000023
0007_0000000112,,0007_0000000112,umadmin,2019-07-24 08:30:17,umadmin,2019-07-24 06:40:03,Demo_subsys_112,37,2019-07-24 16:30:17,Demo_subsys_112,ECIF-CORE PRD,,,111,test,0002_0000000023
0007_0000000113,,0007_0000000113,umadmin,2019-07-24 08:30:17,umadmin,2019-07-24 06:40:03,Demo_subsys_113,37,2019-07-24 16:30:17,Demo_subsys_113,ECIF-CORE PRD,,,111,test,0002_0000000023
0007_0000000114,,0007_0000000114,umadmin,2019-07-24 08:30:17,umadmin,2019-07-24 06:40:03,Demo_subsys_114,37,2019-07-24 16:30:17,Demo_subsys_114,ECIF-CORE PRD,,,111,test,0002_0000000023
0007_0000000115,,0007_0000000115,umadmin,2019-07-24 08:30:17,umadmin,2019-07-24 06:40:03,Demo_subsys_115,37,2019-07-24 16:30:17,Demo_subsys_115,ECIF-CORE PRD,,,111,test,0002_0000000023
0007_0000000116,,0007_0000000116,umadmin,2019-07-24 08:30:17,umadmin,2019-07-24 06:40:03,Demo_subsys_116,37,2019-07-24 16:30:17,Demo_subsys_116,ECIF-CORE PRD,,,111,test,0002_0000000024
0007_0000000117,,0007_0000000117,umadmin,2019-07-24 08:30:17,umadmin,2019-07-24 06:40:03,Demo_subsys_117,37,2019-07-24 16:30:17,Demo_subsys_117,ECIF-CORE PRD,,,111,test,0002_0000000024
0007_0000000118,,0007_0000000118,umadmin,2019-07-24 08:30:17,umadmin,2019-07-24 06:40:03,Demo_subsys_118,37,2019-07-24 16:30:17,Demo_subsys_118,ECIF-CORE PRD,,,111,test,0002_0000000024
0007_0000000119,,0007_0000000119,umadmin,2019-07-24 08:30:17,umadmin,2019-07-24 06:40:03,Demo_subsys_119,37,2019-07-24 16:30:17,Demo_subsys_119,ECIF-CORE PRD,,,111,test,0002_0000000024
0007_0000000120,,0007_0000000120,umadmin,2019-07-24 08:30:17,umadmin,2019-07-24 06:40:03,Demo_subsys_120,37,2019-07-24 16:30:17,Demo_subsys_120,ECIF-CORE PRD,,,111,test,0002_0000000024
0007_0000000121,,0007_0000000121,umadmin,2019-07-24 08:30:17,umadmin,2019-07-24 06:40:03,Demo_subsys_121,37,2019-07-24 16:30:17,Demo_subsys_121,ECIF-CORE PRD,,,111,test,0002_0000000025
0007_0000000122,,0007_0000000122,umadmin,2019-07-24 08:30:17,umadmin,2019-07-24 06:40:03,Demo_subsys_122,37,2019-07-24 16:30:17,Demo_subsys_122,ECIF-CORE PRD,,,111,test,0002_0000000025
0007_0000000123,,0007_0000000123,umadmin,2019-07-24 08:30:17,umadmin,2019-07-24 06:40:03,Demo_subsys_123,37,2019-07-24 16:30:17,Demo_subsys_123,ECIF-CORE PRD,,,111,test,0002_0000000025
0007_0000000124,,0007_0000000124,umadmin,2019-07-24 08:30:17,umadmin,2019-07-24 06:40:03,Demo_subsys_124,37,2019-07-24 16:30:17,Demo_subsys_124,ECIF-CORE PRD,,,111,test,0002_0000000025
0007_0000000125,,0007_0000000125,umadmin,2019-07-24 08:30:17,umadmin,2019-07-24 06:40:03,Demo_subsys_125,37,2019-07-24 16:30:17,Demo_subsys_125,ECIF-CORE PRD,,,111,test,0002_0000000025
0007_0000000126,,0007_0000000126,umadmin,2019-07-24 08:30:17,umadmin,2019-07-24 06:40:03,Demo_subsys_126,37,2019-07-24 16:30:17,Demo_subsys_126,ECIF-CORE PRD,,,111,test,0002_0000000026
0007_0000000127,,0007_0000000127,umadmin,2019-07-24 08:30:17,umadmin,2019-07-24 06:40:03,Demo_subsys_127,37,2019-07-24 16:30:17,Demo_subsys_127,ECIF-CORE PRD,,,111,test,0002_0000000026
0007_0000000128,,0007_0000000128,umadmin,2019-07-24 08:30:17,umadmin,2019-07-24 06:40:03,Demo_subsys_128,37,2019-07-24 16:30:17,Demo_subsys_128,ECIF-CORE PRD,,,111,test,0002_0000000026
0007_0000000129,,0007_0000000129,umadmin,2019-07-24 08:30:17,umadmin,2019-07-24 06:40:03,Demo_subsys_129,37,2019-07-24 16:30:17,Demo_subsys_129,ECIF-CORE PRD,,,111,test,0002_0000000026
0007_0000000130,,0007_0000000130,umadmin,2019-07-24 08:30:17,umadmin,2019-07-24 06:40:03,Demo_subsys_130,37,2019-07-24 16:30:17,Demo_subsys_130,ECIF-CORE PRD,,,111,test,0002_0000000026
0007_0000000131,,0007_0000000131,umadmin,2019-07-24 08:30:17,umadmin,2019-07-24 06:40:03,Demo_subsys_131,37,2019-07-24 16:30:17,Demo_subsys_131,ECIF-CORE PRD,,,111,test,0002_0000000027
0007_0000000132,,0007_0000000132,umadmin,2019-07-24 08:30:17,umadmin,2019-07-24 06:40:03,Demo_subsys_132,37,2019-07-24 16:30:17,Demo_subsys_132,ECIF-CORE PRD,,,111,test,0002_0000000027
0007_0000000133,,0007_0000000133,umadmin,2019-07-24 08:30:17,umadmin,2019-07-24 06:40:03,Demo_subsys_133,37,2019-07-24 16:30:17,Demo_subsys_133,ECIF-CORE PRD,,,111,test,0002_0000000027
0007_0000000134,,0007_0000000134,umadmin,2019-07-24 08:30:17,umadmin,2019-07-24 06:40:03,Demo_subsys_134,37,2019-07-24 16:30:17,Demo_subsys_134,ECIF-CORE PRD,,,111,test,0002_0000000027
0007_0000000135,,0007_0000000135,umadmin,2019-07-24 08:30:17,umadmin,2019-07-24 06:40:03,Demo_subsys_135,37,2019-07-24 16:30:17,Demo_subsys_135,ECIF-CORE PRD,,,111,test,0002_0000000027
0007_0000000136,,0007_0000000136,umadmin,2019-07-24 08:30:17,umadmin,2019-07-24 06:40:03,Demo_subsys_136,37,2019-07-24 16:30:17,Demo_subsys_136,ECIF-CORE PRD,,,111,test,0002_0000000028
0007_0000000137,,0007_0000000137,umadmin,2019-07-24 08:30:17,umadmin,2019-07-24 06:40:03,Demo_subsys_137,37,2019-07-24 16:30:17,Demo_subsys_137,ECIF-CORE PRD,,,111,test,0002_0000000028
0007_0000000138,,0007_0000000138,umadmin,2019-07-24 08:30:17,umadmin,2019-07-24 06:40:03,Demo_subsys_138,37,2019-07-24 16:30:17,Demo_subsys_138,ECIF-CORE PRD,,,111,test,0002_0000000028
0007_0000000139,,0007_0000000139,umadmin,2019-07-24 08:30:17,umadmin,2019-07-24 06:40:03,Demo_subsys_139,37,2019-07-24 16:30:17,Demo_subsys_139,ECIF-CORE PRD,,,111,test,0002_0000000028
0007_0000000140,,0007_0000000140,umadmin,2019-07-24 08:30:17,umadmin,2019-07-24 06:40:03,Demo_subsys_140,37,2019-07-24 16:30:17,Demo_subsys_140,ECIF-CORE PRD,,,111,test,0002_0000000028
0007_0000000141,,0007_0000000141,umadmin,2019-07-24 08:30:17,umadmin,2019-07-24 06:40:03,Demo_subsys_141,37,2019-07-24 16:30:17,Demo_subsys_141,ECIF-CORE PRD,,,111,test,0002_0000000029
0007_0000000142,,0007_0000000142,umadmin,2019-07-24 08:30:17,umadmin,2019-07-24 06:40:03,Demo_subsys_142,37,2019-07-24 16:30:17,Demo_subsys_142,ECIF-CORE PRD,,,111,test,0002_0000000029
0007_0000000143,,0007_0000000143,umadmin,2019-07-24 08:30:17,umadmin,2019-07-24 06:40:03,Demo_subsys_143,37,2019-07-24 16:30:17,Demo_subsys_143,ECIF-CORE PRD,,,111,test,0002_0000000029
0007_0000000144,,0007_0000000144,umadmin,2019-07-24 08:30:17,umadmin,2019-07-24 06:40:03,Demo_subsys_144,37,2019-07-24 16:30:17,Demo_subsys_144,ECIF-CORE PRD,,,111,test,0002_0000000029
0007_0000000145,,0007_0000000145,umadmin,2019-07-24 08:30:17,umadmin,2019-07-24 06:40:03,Demo_subsys_145,37,2019-07-24 16:30:17,Demo_subsys_145,ECIF-CORE PRD,,,111,test,0002_0000000029
0007_0000000146,,0007_0000000146,umadmin,2019-07-24 08:30:17,umadmin,2019-07-24 06:40:03,Demo_subsys_146,37,2019-07-24 16:30:17,Demo_subsys_146,ECIF-CORE PRD,,,111,test,0002_0000000030
0007_0000000147,,0007_0000000147,umadmin,2019-07-24 08:30:17,umadmin,2019-07-24 06:40:03,Demo_subsys_147,37,2019-07-24 16:30:17,Demo_subsys_147,ECIF-CORE PRD,,,111,test,0002_0000000030
0007_0000000148,,0007_0000000148,umadmin,2019-07-24 08:30:17,umadmin,2019-07-24 06:40:03,Demo_subsys_148,37,2019-07-24 16:30:17,Demo_subsys_148,ECIF-CORE PRD,,,111,test,0002_0000000030
0007_0000000149,,0007_0000000149,umadmin,2019-07-24 08:30:17,umadmin,2019-07-24 06:40:03,Demo_subsys_149,37,2019-07-24 16:30:17,Demo_subsys_149,ECIF-CORE PRD,,,111,test,0002_0000000030
0007_0000000150,,0007_0000000150,umadmin,2019-07-24 08:30:17,umadmin,2019-07-24 06:40:03,Demo_subsys_150,37,2019-07-24 16:30:17,Demo_subsys_150,ECIF-CORE PRD,,,111,test,0002_0000000030
0007_0000000151,,0007_0000000151,umadmin,2019-07-24 08:30:17,umadmin,2019-07-24 06:40:03,Demo_subsys_151,37,2019-07-24 16:30:17,Demo_subsys_151,ECIF-CORE PRD,,,111,test,0002_0000000031
0007_0000000152,,0007_0000000152,umadmin,2019-07-24 08:30:17,umadmin,2019-07-24 06:40:03,Demo_subsys_152,37,2019-07-24 16:30:17,Demo_subsys_152,ECIF-CORE PRD,,,111,test,0002_0000000031
0007_0000000153,,0007_0000000153,umadmin,2019-07-24 08:30:17,umadmin,2019-07-24 06:40:03,Demo_subsys_153,37,2019-07-24 16:30:17,Demo_subsys_153,ECIF-CORE PRD,,,111,test,0002_0000000031
0007_0000000154,,0007_0000000154,umadmin,2019-07-24 08:30:17,umadmin,2019-07-24 06:40:03,Demo_subsys_154,37,2019-07-24 16:30:17,Demo_subsys_154,ECIF-CORE PRD,,,111,test,0002_0000000031
0007_0000000155,,0007_0000000155,umadmin,2019-07-24 08:30:17,umadmin,2019-07-24 06:40:03,Demo_subsys_155,37,2019-07-24 16:30:17,Demo_subsys_155,ECIF-CORE PRD,,,111,test,0002_0000000031
0007_0000000156,,0007_0000000156,umadmin,2019-07-24 08:30:17,umadmin,2019-07-24 06:40:03,Demo_subsys_156,37,2019-07-24 16:30:17,Demo_subsys_156,ECIF-CORE PRD,,,111,test,0002_0000000032
0007_0000000157,,0007_0000000157,umadmin,2019-07-24 08:30:17,umadmin,2019-07-24 06:40:03,Demo_subsys_157,37,2019-07-24 16:30:17,Demo_subsys_157,ECIF-CORE PRD,,,111,test,0002_0000000032
0007_0000000158,,0007_0000000158,umadmin,2019-07-24 08:30:17,umadmin,2019-07-24 06:40:03,Demo_subsys_158,37,2019-07-24 16:30:17,Demo_subsys_158,ECIF-CORE PRD,,,111,test,0002_0000000032
0007_0000000159,,0007_0000000159,umadmin,2019-07-24 08:30:17,umadmin,2019-07-24 06:40:03,Demo_subsys_159,37,2019-07-24 16:30:17,Demo_subsys_159,ECIF-CORE PRD,,,111,test,0002_0000000032
0007_0000000160,,0007_0000000160,umadmin,2019-07-24 08:30:17,umadmin,2019-07-24 06:40:03,Demo_subsys_160,37,2019-07-24 16:30:17,Demo_subsys_160,ECIF-CORE PRD,,,111,test,0002_0000000032
0007_0000000161,,0007_0000000161,umadmin,2019-07-24 08:30:17,umadmin,2019-07-24 06:40:03,Demo_subsys_161,37,2019-07-24 16:30:17,Demo_subsys_161,ECIF-CORE PRD,,,111,test,0002_0000000033
0007_0000000162,,0007_0000000162,umadmin,2019-07-24 08:30:17,umadmin,2019-07-24 06:40:03,Demo_subsys_162,37,2019-07-24 16:30:17,Demo_subsys_162,ECIF-CORE PRD,,,111,test,0002_0000000033
0007_0000000163,,0007_0000000163,umadmin,2019-07-24 08:30:17,umadmin,2019-07-24 06:40:03,Demo_subsys_163,37,2019-07-24 16:30:17,Demo_subsys_163,ECIF-CORE PRD,,,111,test,0002_0000000033
0007_0000000164,,0007_0000000164,umadmin,2019-07-24 08:30:17,umadmin,2019-07-24 06:40:03,Demo_subsys_164,37,2019-07-24 16:30:17,Demo_subsys_164,ECIF-CORE PRD,,,111,test,0002_0000000033
0007_0000000165,,0007_0000000165,umadmin,2019-07-24 08:30:17,umadmin,2019-07-24 06:40:03,Demo_subsys_165,37,2019-07-24 16:30:17,Demo_subsys_165,ECIF-CORE PRD,,,111,test,0002_0000000033
0007_0000000166,,0007_0000000166,umadmin,2019-07-24 08:30:17,umadmin,2019-07-24 06:40:03,Demo_subsys_166,37,2019-07-24 16:30:17,Demo_subsys_166,ECIF-CORE PRD,,,111,test,0002_0000000034
0007_0000000167,,0007_0000000167,umadmin,2019-07-24 08:30:17,umadmin,2019-07-24 06:40:03,Demo_subsys_167,37,2019-07-24 16:30:17,Demo_subsys_167,ECIF-CORE PRD,,,111,test,0002_0000000034
0007_0000000168,,0007_0000000168,umadmin,2019-07-24 08:30:17,umadmin,2019-07-24 06:40:03,Demo_subsys_168,37,2019-07-24 16:30:17,Demo_subsys_168,ECIF-CORE PRD,,,111,test,0002_0000000034
0007_0000000169,,0007_0000000169,umadmin,2019-07-24 08:30:17,umadmin,2019-07-24 06:40:03,Demo_subsys_169,37,2019-07-24 16:30:17,Demo_subsys_169,ECIF-CORE PRD,,,111,test,0002_0000000034
0007_0000000170,,0007_0000000170,umadmin,2019-07-24 08:30:17,umadmin,2019-07-24 06:40:03,Demo_subsys_170,37,2019-07-24 16:30:17,Demo_subsys_170,ECIF-CORE PRD,,,111,test,0002_0000000034
0007_0000000171,,0007_0000000171,umadmin,2019-07-24 08:30:17,umadmin,2019-07-24 06:40:03,Demo_subsys_171,37,2019-07-24 16:30:17,Demo_subsys_171,ECIF-CORE PRD,,,111,test,0002_0000000035
0007_0000000172,,0007_0000000172,umadmin,2019-07-24 08:30:17,umadmin,2019-07-24 06:40:03,Demo_subsys_172,37,2019-07-24 16:30:17,Demo_subsys_172,ECIF-CORE PRD,,,111,test,0002_0000000035
0007_0000000173,,0007_0000000173,umadmin,2019-07-24 08:30:17,umadmin,2019-07-24 06:40:03,Demo_subsys_173,37,2019-07-24 16:30:17,Demo_subsys_173,ECIF-CORE PRD,,,111,test,0002_0000000035
0007_0000000174,,0007_0000000174,umadmin,2019-07-24 08:30:17,umadmin,2019-07-24 06:40:03,Demo_subsys_174,37,2019-07-24 16:30:17,Demo_subsys_174,ECIF-CORE PRD,,,111,test,0002_0000000035
0007_0000000175,,0007_0000000175,umadmin,2019-07-24 08:30:17,umadmin,2019-07-24 06:40:03,Demo_subsys_175,37,2019-07-24 16:30:17,Demo_subsys_175,ECIF-CORE PRD,,,111,test,0002_0000000035
0007_0000000176,,0007_0000000176,umadmin,2019-07-24 08:30:17,umadmin,2019-07-24 06:40:03,Demo_subsys_176,37,2019-07-24 16:30:17,Demo_subsys_176,ECIF-CORE PRD,,,111,test,0002_0000000036
0007_0000000177,,0007_0000000177,umadmin,2019-07-24 08:30:17,umadmin,2019-07-24 06:40:03,Demo_subsys_177,37,2019-07-24 16:30:17,Demo_subsys_177,ECIF-CORE PRD,,,111,test,0002_0000000036
0007_0000000178,,0007_0000000178,umadmin,2019-07-24 08:30:17,umadmin,2019-07-24 06:40:03,Demo_subsys_178,37,2019-07-24 16:30:17,Demo_subsys_178,ECIF-CORE PRD,,,111,test,0002_0000000036
0007_0000000179,,0007_0000000179,umadmin,2019-07-24 08:30:17,umadmin,2019-07-24 06:40:03,Demo_subsys_179,37,2019-07-24 16:30:17,Demo_subsys_179,ECIF-CORE PRD,,,111,test,0002_0000000036
0007_0000000180,,0007_0000000180,umadmin,2019-07-24 08:30:17,umadmin,2019-07-24 06:40:03,Demo_subsys_180,37,2019-07-24 16:30:17,Demo_subsys_180,ECIF-CORE PRD,,,111,test,0002_0000000036
0007_0000000181,,0007_0000000181,umadmin,2019-07-24 08:30:17,umadmin,2019-07-24 06:40:03,Demo_subsys_181,37,2019-07-24 16:30:17,Demo_subsys_181,ECIF-CORE PRD,,,111,test,0002_0000000037
0007_0000000182,,0007_0000000182,umadmin,2019-07-24 08:30:17,umadmin,2019-07-24 06:40:03,Demo_subsys_182,37,2019-07-24 16:30:17,Demo_subsys_182,ECIF-CORE PRD,,,111,test,0002_0000000037
0007_0000000183,,0007_0000000183,umadmin,2019-07-24 08:30:17,umadmin,2019-07-24 06:40:03,Demo_subsys_183,37,2019-07-24 16:30:17,Demo_subsys_183,ECIF-CORE PRD,,,111,test,0002_0000000037
0007_0000000184,,0007_0000000184,umadmin,2019-07-24 08:30:17,umadmin,2019-07-24 06:40:03,Demo_subsys_184,37,2019-07-24 16:30:17,Demo_subsys_184,ECIF-CORE PRD,,,111,test,0002_0000000037
0007_0000000185,,0007_0000000185,umadmin,2019-07-24 08:30:17,umadmin,2019-07-24 06:40:03,Demo_subsys_185,37,2019-07-24 16:30:17,Demo_subsys_185,ECIF-CORE PRD,,,111,test,0002_0000000037
0007_0000000186,,0007_0000000186,umadmin,2019-07-24 08:30:17,umadmin,2019-07-24 06:40:03,Demo_subsys_186,37,2019-07-24 16:30:17,Demo_subsys_186,ECIF-CORE PRD,,,111,test,0002_0000000038
0007_0000000187,,0007_0000000187,umadmin,2019-07-24 08:30:17,umadmin,2019-07-24 06:40:03,Demo_subsys_187,37,2019-07-24 16:30:17,Demo_subsys_187,ECIF-CORE PRD,,,111,test,0002_0000000038
0007_0000000188,,0007_0000000188,umadmin,2019-07-24 08:30:17,umadmin,2019-07-24 06:40:03,Demo_subsys_188,37,2019-07-24 16:30:17,Demo_subsys_188,ECIF-CORE PRD,,,111,test,0002_0000000038
0007_0000000189,,0007_0000000189,umadmin,2019-07-24 08:30:17,umadmin,2019-07-24 06:40:03,Demo_subsys_189,37,2019-07-24 16:30:17,Demo_subsys_189,ECIF-CORE PRD,,,111,test,0002_0000000038
0007_0000000190,,0007_0000000190,umadmin,2019-07-24 08:30:17,umadmin,2019-07-24 06:40:03,Demo_subsys_190,37,2019-07-24 16:30:17,Demo_subsys_190,ECIF-CORE PRD,,,111,test,0002_0000000038
0007_0000000191,,0007_0000000191,umadmin,2019-07-24 08:30:17,umadmin,2019-07-24 06:40:03,Demo_subsys_191,37,2019-07-24 16:30:17,Demo_subsys_191,ECIF-CORE PRD,,,111,test,0002_0000000039
0007_0000000192,,0007_0000000192,umadmin,2019-07-24 08:30:17,umadmin,2019-07-24 06:40:03,Demo_subsys_192,37,2019-07-24 16:30:17,Demo_subsys_192,ECIF-CORE PRD,,,111,test,0002_0000000039
0007_0000000193,,0007_0000000193,umadmin,2019-07-24 08:30:17,umadmin,2019-07-24 06:40:03,Demo_subsys_193,37,2019-07-24 16:30:17,Demo_subsys_193,ECIF-CORE PRD,,,111,test,0002_0000000039
0007_0000000194,,0007_0000000194,umadmin,2019-07-24 08:30:17,umadmin,2019-07-24 06:40:03,Demo_subsys_194,37,2019-07-24 16:30:17,Demo_subsys_194,ECIF-CORE PRD,,,111,test,0002_0000000039
0007_0000000195,,0007_0000000195,umadmin,2019-07-24 08:30:17,umadmin,2019-07-24 06:40:03,Demo_subsys_195,37,2019-07-24 16:30:17,Demo_subsys_195,ECIF-CORE PRD,,,111,test,0002_0000000039
0007_0000000196,,0007_0000000196,umadmin,2019-07-24 08:30:17,umadmin,2019-07-24 06:40:03,Demo_subsys_196,37,2019-07-24 16:30:17,Demo_subsys_196,ECIF-CORE PRD,,,111,test,0002_0000000040
0007_0000000197,,0007_0000000197,umadmin,2019-07-24 08:30:17,umadmin,2019-07-24 06:40:03,Demo_subsys_197,37,2019-07-24 16:30:17,Demo_subsys_197,ECIF-CORE PRD,,,111,test,0002_0000000040
0007_0000000198,,0007_0000000198,umadmin,2019-07-24 08:30:17,umadmin,2019-07-24 06:40:03,Demo_subsys_198,37,2019-07-24 16:30:17,Demo_subsys_198,ECIF-CORE PRD,,,111,test,0002_0000000040
0007_0000000199,,0007_0000000199,umadmin,2019-07-24 08:30:17,umadmin,2019-07-24 06:40:03,Demo_subsys_199,37,2019-07-24 16:30:17,Demo_subsys_199,ECIF-CORE PRD,,,111,test,0002_0000000040
0007_0000000200,,0007_0000000200,umadmin,2019-07-24 08:30:17,umadmin,2019-07-24 06:40:03,Demo_subsys_200,37,2019-07-24 16:30:17,Demo_subsys_200,ECIF-CORE PRD,,,111,test,0002_0000000040
0007_0000000201,,0007_0000000201,umadmin,2019-07-24 08:30:17,umadmin,2019-07-24 06:40:03,Demo_subsys_201,37,2019-07-24 16:30:17,Demo_subsys_201,ECIF-CORE PRD,,,111,test,0002_0000000041
0007_0000000202,,0007_0000000202,umadmin,2019-07-24 08:30:17,umadmin,2019-07-24 06:40:03,Demo_subsys_202,37,2019-07-24 16:30:17,Demo_subsys_202,ECIF-CORE PRD,,,111,test,0002_0000000041
0007_0000000203,,0007_0000000203,umadmin,2019-07-24 08:30:17,umadmin,2019-07-24 06:40:03,Demo_subsys_203,37,2019-07-24 16:30:17,Demo_subsys_203,ECIF-CORE PRD,,,111,test,0002_0000000041
0007_0000000204,,0007_0000000204,umadmin,2019-07-24 08:30:17,umadmin,2019-07-24 06:40:03,Demo_subsys_204,37,2019-07-24 16:30:17,Demo_subsys_204,ECIF-CORE PRD,,,111,test,0002_0000000041
0007_0000000205,,0007_0000000205,umadmin,2019-07-24 08:30:17,umadmin,2019-07-24 06:40:03,Demo_subsys_205,37,2019-07-24 16:30:17,Demo_subsys_205,ECIF-CORE PRD,,,111,test,0002_0000000041
0007_0000000206,,0007_0000000206,umadmin,2019-07-24 08:30:17,umadmin,2019-07-24 06:40:03,Demo_subsys_206,37,2019-07-24 16:30:17,Demo_subsys_206,ECIF-CORE PRD,,,111,test,0002_0000000042
0007_0000000207,,0007_0000000207,umadmin,2019-07-24 08:30:17,umadmin,2019-07-24 06:40:03,Demo_subsys_207,37,2019-07-24 16:30:17,Demo_subsys_207,ECIF-CORE PRD,,,111,test,0002_0000000042
0007_0000000208,,0007_0000000208,umadmin,2019-07-24 08:30:17,umadmin,2019-07-24 06:40:03,Demo_subsys_208,37,2019-07-24 16:30:17,Demo_subsys_208,ECIF-CORE PRD,,,111,test,0002_0000000042
0007_0000000209,,0007_0000000209,umadmin,2019-07-24 08:30:17,umadmin,2019-07-24 06:40:03,Demo_subsys_209,37,2019-07-24 16:30:17,Demo_subsys_209,ECIF-CORE PRD,,,111,test,0002_0000000042
0007_0000000210,,0007_0000000210,umadmin,2019-07-24 08:30:17,umadmin,2019-07-24 06:40:03,Demo_subsys_210,37,2019-07-24 16:30:17,Demo_subsys_210,ECIF-CORE PRD,,,111,test,0002_0000000042
0007_0000000211,,0007_0000000211,umadmin,2019-07-24 08:30:17,umadmin,2019-07-24 06:40:03,Demo_subsys_211,37,2019-07-24 16:30:17,Demo_subsys_211,ECIF-CORE PRD,,,111,test,0002_0000000043
0007_0000000212,,0007_0000000212,umadmin,2019-07-24 08:30:17,umadmin,2019-07-24 06:40:03,Demo_subsys_212,37,2019-07-24 16:30:17,Demo_subsys_212,ECIF-CORE PRD,,,111,test,0002_0000000043
0007_0000000213,,0007_0000000213,umadmin,2019-07-24 08:30:17,umadmin,2019-07-24 06:40:03,Demo_subsys_213,37,2019-07-24 16:30:17,Demo_subsys_213,ECIF-CORE PRD,,,111,test,0002_0000000043
0007_0000000214,,0007_0000000214,umadmin,2019-07-24 08:30:17,umadmin,2019-07-24 06:40:03,Demo_subsys_214,37,2019-07-24 16:30:17,Demo_subsys_214,ECIF-CORE PRD,,,111,test,0002_0000000043
0007_0000000215,,0007_0000000215,umadmin,2019-07-24 08:30:17,umadmin,2019-07-24 06:40:03,Demo_subsys_215,37,2019-07-24 16:30:17,Demo_subsys_215,ECIF-CORE PRD,,,111,test,0002_0000000043
0007_0000000216,,0007_0000000216,umadmin,2019-07-24 08:30:17,umadmin,2019-07-24 06:40:03,Demo_subsys_216,37,2019-07-24 16:30:17,Demo_subsys_216,ECIF-CORE PRD,,,111,test,0002_0000000044
0007_0000000217,,0007_0000000217,umadmin,2019-07-24 08:30:17,umadmin,2019-07-24 06:40:03,Demo_subsys_217,37,2019-07-24 16:30:17,Demo_subsys_217,ECIF-CORE PRD,,,111,test,0002_0000000044
0007_0000000218,,0007_0000000218,umadmin,2019-07-24 08:30:17,umadmin,2019-07-24 06:40:03,Demo_subsys_218,37,2019-07-24 16:30:17,Demo_subsys_218,ECIF-CORE PRD,,,111,test,0002_0000000044
0007_0000000219,,0007_0000000219,umadmin,2019-07-24 08:30:17,umadmin,2019-07-24 06:40:03,Demo_subsys_219,37,2019-07-24 16:30:17,Demo_subsys_219,ECIF-CORE PRD,,,111,test,0002_0000000044
0007_0000000220,,0007_0000000220,umadmin,2019-07-24 08:30:17,umadmin,2019-07-24 06:40:03,Demo_subsys_220,37,2019-07-24 16:30:17,Demo_subsys_220,ECIF-CORE PRD,,,111,test,0002_0000000044
0007_0000000221,,0007_0000000221,umadmin,2019-07-24 08:30:17,umadmin,2019-07-24 06:40:03,Demo_subsys_221,37,2019-07-24 16:30:17,Demo_subsys_221,ECIF-CORE PRD,,,111,test,0002_0000000045
0007_0000000222,,0007_0000000222,umadmin,2019-07-24 08:30:17,umadmin,2019-07-24 06:40:03,Demo_subsys_222,37,2019-07-24 16:30:17,Demo_subsys_222,ECIF-CORE PRD,,,111,test,0002_0000000045
0007_0000000223,,0007_0000000223,umadmin,2019-07-24 08:30:17,umadmin,2019-07-24 06:40:03,Demo_subsys_223,37,2019-07-24 16:30:17,Demo_subsys_223,ECIF-CORE PRD,,,111,test,0002_0000000045
0007_0000000224,,0007_0000000224,umadmin,2019-07-24 08:30:17,umadmin,2019-07-24 06:40:03,Demo_subsys_224,37,2019-07-24 16:30:17,Demo_subsys_224,ECIF-CORE PRD,,,111,test,0002_0000000045
0007_0000000225,,0007_0000000225,umadmin,2019-07-24 08:30:17,umadmin,2019-07-24 06:40:03,Demo_subsys_225,37,2019-07-24 16:30:17,Demo_subsys_225,ECIF-CORE PRD,,,111,test,0002_0000000045
0007_0000000226,,0007_0000000226,umadmin,2019-07-24 08:30:17,umadmin,2019-07-24 06:40:03,Demo_subsys_226,37,2019-07-24 16:30:17,Demo_subsys_226,ECIF-CORE PRD,,,111,test,0002_0000000046
0007_0000000227,,0007_0000000227,umadmin,2019-07-24 08:30:17,umadmin,2019-07-24 06:40:03,Demo_subsys_227,37,2019-07-24 16:30:17,Demo_subsys_227,ECIF-CORE PRD,,,111,test,0002_0000000046
0007_0000000228,,0007_0000000228,umadmin,2019-07-24 08:30:17,umadmin,2019-07-24 06:40:03,Demo_subsys_228,37,2019-07-24 16:30:17,Demo_subsys_228,ECIF-CORE PRD,,,111,test,0002_0000000046
0007_0000000229,,0007_0000000229,umadmin,2019-07-24 08:30:17,umadmin,2019-07-24 06:40:03,Demo_subsys_229,37,2019-07-24 16:30:17,Demo_subsys_229,ECIF-CORE PRD,,,111,test,0002_0000000046
0007_0000000230,,0007_0000000230,umadmin,2019-07-24 08:30:17,umadmin,2019-07-24 06:40:03,Demo_subsys_230,37,2019-07-24 16:30:17,Demo_subsys_230,ECIF-CORE PRD,,,111,test,0002_0000000046
0007_0000000231,,0007_0000000231,umadmin,2019-07-24 08:30:17,umadmin,2019-07-24 06:40:03,Demo_subsys_231,37,2019-07-24 16:30:17,Demo_subsys_231,ECIF-CORE PRD,,,111,test,0002_0000000047
0007_0000000232,,0007_0000000232,umadmin,2019-07-24 08:30:17,umadmin,2019-07-24 06:40:03,Demo_subsys_232,37,2019-07-24 16:30:17,Demo_subsys_232,ECIF-CORE PRD,,,111,test,0002_0000000047
0007_0000000233,,0007_0000000233,umadmin,2019-07-24 08:30:17,umadmin,2019-07-24 06:40:03,Demo_subsys_233,37,2019-07-24 16:30:17,Demo_subsys_233,ECIF-CORE PRD,,,111,test,0002_0000000047
0007_0000000234,,0007_0000000234,umadmin,2019-07-24 08:30:17,umadmin,2019-07-24 06:40:03,Demo_subsys_234,37,2019-07-24 16:30:17,Demo_subsys_234,ECIF-CORE PRD,,,111,test,0002_0000000047
0007_0000000235,,0007_0000000235,umadmin,2019-07-24 08:30:17,umadmin,2019-07-24 06:40:03,Demo_subsys_235,37,2019-07-24 16:30:17,Demo_subsys_235,ECIF-CORE PRD,,,111,test,0002_0000000047
0007_0000000236,,0007_0000000236,umadmin,2019-07-24 08:30:17,umadmin,2019-07-24 06:40:03,Demo_subsys_236,37,2019-07-24 16:30:17,Demo_subsys_236,ECIF-CORE PRD,,,111,test,0002_0000000048
0007_0000000237,,0007_0000000237,umadmin,2019-07-24 08:30:17,umadmin,2019-07-24 06:40:03,Demo_subsys_237,37,2019-07-24 16:30:17,Demo_subsys_237,ECIF-CORE PRD,,,111,test,0002_0000000048
0007_0000000238,,0007_0000000238,umadmin,2019-07-24 08:30:17,umadmin,2019-07-24 06:40:03,Demo_subsys_238,37,2019-07-24 16:30:17,Demo_subsys_238,ECIF-CORE PRD,,,111,test,0002_0000000048
0007_0000000239,,0007_0000000239,umadmin,2019-07-24 08:30:17,umadmin,2019-07-24 06:40:03,Demo_subsys_239,37,2019-07-24 16:30:17,Demo_subsys_239,ECIF-CORE PRD,,,111,test,0002_0000000048
0007_0000000240,,0007_0000000240,umadmin,2019-07-24 08:30:17,umadmin,2019-07-24 06:40:03,Demo_subsys_240,37,2019-07-24 16:30:17,Demo_subsys_240,ECIF-CORE PRD,,,111,test,0002_0000000048
0007_0000000241,,0007_0000000241,umadmin,2019-07-24 08:30:17,umadmin,2019-07-24 06:40:03,Demo_subsys_241,37,2019-07-24 16:30:17,Demo_subsys_241,ECIF-CORE PRD,,,111,test,0002_0000000049
0007_0000000242,,0007_0000000242,umadmin,2019-07-24 08:30:17,umadmin,2019-07-24 06:40:03,Demo_subsys_242,37,2019-07-24 16:30:17,Demo_subsys_242,ECIF-CORE PRD,,,111,test,0002_0000000049
0007_0000000243,,0007_0000000243,umadmin,2019-07-24 08:30:17,umadmin,2019-07-24 06:40:03,Demo_subsys_243,37,2019-07-24 16:30:17,Demo_subsys_243,ECIF-CORE PRD,,,111,test,0002_0000000049
0007_0000000244,,0007_0000000244,umadmin,2019-07-24 08:30:17,umadmin,2019-07-24 06:40:03,Demo_subsys_244,37,2019-07-24 16:30:17,Demo_subsys_244,ECIF-CORE PRD,,,111,test,0002_0000000049
0007_0000000245,,0007_0000000245,umadmin,2019-07-24 08:30:17,umadmin,2019-07-24 06:40:03,Demo_subsys_245,37,2019-07-24 16:30:17,Demo_subsys_245,ECIF-CORE PRD,,,111,test,0002_0000000049
0007_0000000246,,0007_0000000246,umadmin,2019-07-24 08:30:17,umadmin,2019-07-24 06:40:03,Demo_subsys_246,37,2019-07-24 16:30:17,Demo_subsys_246,ECIF-CORE PRD,,,111,test,0002_0000000050
0007_0000000247,,0007_0000000247,umadmin,2019-07-24 08:30:17,umadmin,2019-07-24 06:40:03,Demo_subsys_247,37,2019-07-24 16:30:17,Demo_subsys_247,ECIF-CORE PRD,,,111,test,0002_0000000050
0007_0000000248,,0007_0000000248,umadmin,2019-07-24 08:30:17,umadmin,2019-07-24 06:40:03,Demo_subsys_248,37,2019-07-24 16:30:17,Demo_subsys_248,ECIF-CORE PRD,,,111,test,0002_0000000050
0007_0000000249,,0007_0000000249,umadmin,2019-07-24 08:30:17,umadmin,2019-07-24 06:40:03,Demo_subsys_249,37,2019-07-24 16:30:17,Demo_subsys_249,ECIF-CORE PRD,,,111,test,0002_0000000050
0007_0000000250,,0007_0000000250,umadmin,2019-07-24 08:30:17,umadmin,2019-07-24 06:40:03,Demo_subsys_250,37,2019-07-24 16:30:17,Demo_subsys_250,ECIF-CORE PRD,,,111,test,0002_0000000050
