0001_0000000001,,0001_0000000001,umadmin,2019/9/9 2:12,umadmin,2019/9/4 21:21,Demo1,34,Demo1,DEMO,,,,105,demo system
0001_0000000002,,0001_0000000002,umadmin,2019/9/9 2:12,umadmin,2019/9/4 21:21,Demo2,34,Demo2,DEMO,,,,105,demo system
0001_0000000003,,0001_0000000003,umadmin,2019/9/9 2:12,umadmin,2019/9/4 21:21,Demo3,34,Demo3,DEMO,,,,105,demo system
0001_0000000004,,0001_0000000004,umadmin,2019/9/9 2:12,umadmin,2019/9/4 21:21,Demo4,34,Demo4,DEMO,,,,105,demo system
0001_0000000005,,0001_0000000005,umadmin,2019/9/9 2:12,umadmin,2019/9/4 21:21,Demo5,34,Demo5,DEMO,,,,105,demo system
0001_0000000006,,0001_0000000006,umadmin,2019/9/9 2:12,umadmin,2019/9/4 21:21,Demo6,34,Demo6,DEMO,,,,105,demo system
0001_0000000007,,0001_0000000007,umadmin,2019/9/9 2:12,umadmin,2019/9/4 21:21,Demo7,34,Demo7,DEMO,,,,105,demo system
0001_0000000008,,0001_0000000008,umadmin,2019/9/9 2:12,umadmin,2019/9/4 21:21,Demo8,34,Demo8,DEMO,,,,105,demo system
0001_0000000009,,0001_0000000009,umadmin,2019/9/9 2:12,umadmin,2019/9/4 21:21,Demo9,34,Demo9,DEMO,,,,105,demo system
0001_0000000010,,0001_0000000010,umadmin,2019/9/9 2:12,umadmin,2019/9/4 21:21,Demo10,34,Demo10,DEMO,,,,105,demo system
